amostra,metodo,elemento,T_K,estimado_wt,icp_wt,erro_abs_wt
Aragonite 1,SBP (sem padrão),Ca,6774.075678800031,53.43921510716625,98.0,44.56078489283375
Aragonite 1,SBP (sem padrão),Mg,6774.075678800031,3.817821925561365,0.14,3.6778219255613647
Aragonite 1,SBP (sem padrão),Fe,6774.075678800031,2.699519463781361,0.13,2.569519463781361
Aragonite 1,SBP (sem padrão),Mn,6774.075678800031,32.67096785440796,0.0,32.67096785440796
Aragonite 1,SBP (sem padrão),Na,6774.075678800031,1.052998807363071,0.03,1.022998807363071
Aragonite 1,SBP (sem padrão),K,6774.075678800031,3.792633985750837,0.27,3.522633985750837
Aragonite 1,SBP (sem padrão),Sr,6774.075678800031,1.5464237224741397,1.04,0.5064237224741397
Aragonite 1,SBP (sem padrão),Al,6774.075678800031,0.9804191334950126,0.12,0.8604191334950126
Aragonite 1,SBP + ponto único,Ca,6222.424414952816,92.7367573997773,98.0,5.263242600222696
Aragonite 1,SBP + ponto único,Mg,6222.424414952816,2.7476750855776375,0.14,2.6076750855776374
Aragonite 1,SBP + ponto único,Fe,6222.424414952816,3.419537878783782,0.13,3.289537878783782
Aragonite 1,SBP + ponto único,Mn,6222.424414952816,0.5619581934291922,0.0,0.5619581934291922
Aragonite 1,SBP + ponto único,Na,6222.424414952816,0.050970397491589006,0.03,0.020970397491589007
Aragonite 1,SBP + ponto único,K,6222.424414952816,0.35315168274061715,0.27,0.08315168274061713
Aragonite 1,SBP + ponto único,Sr,6222.424414952816,0.0,1.04,1.04
Aragonite 1,SBP + ponto único,Al,6222.424414952816,0.12994936219987763,0.12,0.009949362199877632
Aragonite 1,LS (sem padrão),Ca,3636.567847757158,98.97550326615023,98.0,0.975503266150227
Aragonite 1,LS (sem padrão),Mg,3636.567847757158,0.9420107056731616,0.14,0.8020107056731616
Aragonite 1,LS (sem padrão),Fe,3636.567847757158,1.3791324367229472e-07,0.13,0.12999986208675635
Aragonite 1,LS (sem padrão),Mn,3636.567847757158,1.356733419441047e-07,0.0,1.356733419441047e-07
Aragonite 1,LS (sem padrão),Na,3636.567847757158,0.0023003910293451784,0.03,0.02769960897065482
Aragonite 1,LS (sem padrão),K,3636.567847757158,0.0004952651770974256,0.27,0.2695047348229026
Aragonite 1,LS (sem padrão),Sr,3636.567847757158,0.05976738591784876,1.04,0.9802326140821512
Aragonite 1,LS (sem padrão),Al,3636.567847757158,0.01992271246575812,0.12,0.10007728753424187
Aragonite 1,LS + resposta (1 padrão),Ca,5467.401669551804,95.90737896973768,98.0,2.092621030262322
Aragonite 1,LS + resposta (1 padrão),Mg,5467.401669551804,0.46274501376000055,0.14,0.32274501376000053
Aragonite 1,LS + resposta (1 padrão),Fe,5467.401669551804,1.762022133447429,0.13,1.6320221334474292
Aragonite 1,LS + resposta (1 padrão),Mn,5467.401669551804,8.762225101989889e-05,0.0,8.762225101989889e-05
Aragonite 1,LS + resposta (1 padrão),Na,5467.401669551804,0.06747654770996012,0.03,0.03747654770996012
Aragonite 1,LS + resposta (1 padrão),K,5467.401669551804,0.18923333665708303,0.27,0.08076666334291699
Aragonite 1,LS + resposta (1 padrão),Sr,5467.401669551804,1.3291056575785534,1.04,0.28910565757855333
Aragonite 1,LS + resposta (1 padrão),Al,5467.401669551804,0.2819507188582754,0.12,0.1619507188582754
Aragonite 2,SBP (sem padrão),Ca,6887.2182105505735,48.36965082107255,97.11,48.74034917892745
Aragonite 2,SBP (sem padrão),Mg,6887.2182105505735,0.38327524019305836,0.01,0.37327524019305836
Aragonite 2,SBP (sem padrão),Fe,6887.2182105505735,2.9522245244635044,0.02,2.9322245244635043
Aragonite 2,SBP (sem padrão),Mn,6887.2182105505735,39.37344765056963,0.0,39.37344765056963
Aragonite 2,SBP (sem padrão),Na,6887.2182105505735,1.1599759820245994,0.2,0.9599759820245994
Aragonite 2,SBP (sem padrão),K,6887.2182105505735,6.009515869702657,0.72,5.289515869702657
Aragonite 2,SBP (sem padrão),Sr,6887.2182105505735,1.7519099119739978,1.94,0.18809008802600213
Aragonite 2,SBP (sem padrão),Al,6887.2182105505735,0.0,0.0,0.0
Aragonite 2,SBP + ponto único,Ca,6504.032481519913,94.04350825047767,97.11,3.066491749522328
Aragonite 2,SBP + ponto único,Mg,6504.032481519913,1.1993376080343559,0.01,1.1893376080343558
Aragonite 2,SBP + ponto único,Fe,6504.032481519913,2.6947597196423207,0.02,2.6747597196423207
Aragonite 2,SBP + ponto único,Mn,6504.032481519913,0.9700109626366636,0.0,0.9700109626366636
Aragonite 2,SBP + ponto único,Na,6504.032481519913,0.0905942538436321,0.2,0.10940574615636792
Aragonite 2,SBP + ponto único,K,6504.032481519913,1.0017892053653654,0.72,0.28178920536536545
Aragonite 2,SBP + ponto único,Sr,6504.032481519913,0.0,1.94,1.94
Aragonite 2,SBP + ponto único,Al,6504.032481519913,0.0,0.0,0.0
Aragonite 2,LS (sem padrão),Ca,4333.981132455399,99.65624424752133,97.11,2.5462442475213294
Aragonite 2,LS (sem padrão),Mg,4333.981132455399,6.043577564838652e-08,0.01,0.009999939564224352
Aragonite 2,LS (sem padrão),Fe,4333.981132455399,0.1829382960613358,0.02,0.1629382960613358
Aragonite 2,LS (sem padrão),Mn,4333.981132455399,1.3660648601403247e-07,0.0,1.3660648601403247e-07
Aragonite 2,LS (sem padrão),Na,4333.981132455399,0.011258491666830158,0.2,0.18874150833316986
Aragonite 2,LS (sem padrão),K,4333.981132455399,0.006258318278266642,0.72,0.7137416817217334
Aragonite 2,LS (sem padrão),Sr,4333.981132455399,0.1433003823376799,1.94,1.79669961766232
Aragonite 2,LS (sem padrão),Al,4333.981132455399,6.709228959246103e-08,0.0,6.709228959246103e-08
Aragonite 2,LS + resposta (1 padrão),Ca,5997.859969900342,91.64549326325853,97.11,5.46450673674147
Aragonite 2,LS + resposta (1 padrão),Mg,5997.859969900342,4.618674432571788e-07,0.01,0.009999538132556744
Aragonite 2,LS + resposta (1 padrão),Fe,5997.859969900342,3.591226166695487,0.02,3.571226166695487
Aragonite 2,LS + resposta (1 padrão),Mn,5997.859969900342,1.0439857476923507e-06,0.0,1.0439857476923507e-06
Aragonite 2,LS + resposta (1 padrão),Na,5997.859969900342,0.22314425528045453,0.2,0.023144255280454523
Aragonite 2,LS + resposta (1 padrão),K,5997.859969900342,0.9860182307607858,0.72,0.2660182307607858
Aragonite 2,LS + resposta (1 padrão),Sr,5997.859969900342,3.554116065413133,1.94,1.6141160654131332
Aragonite 2,LS + resposta (1 padrão),Al,5997.859969900342,5.127384222999347e-07,0.0,5.127384222999347e-07
Aragonite 3,SBP (sem padrão),Ca,6640.820438285602,26.853273105217937,97.31,70.45672689478207
Aragonite 3,SBP (sem padrão),Mg,6640.820438285602,1.0861549850845729,0.28,0.8061549850845728
Aragonite 3,SBP (sem padrão),Fe,6640.820438285602,1.490466970308571,0.12,1.3704669703085708
Aragonite 3,SBP (sem padrão),Mn,6640.820438285602,66.81562178398084,0.0,66.81562178398084
Aragonite 3,SBP (sem padrão),Na,6640.820438285602,0.5185624114303501,0.05,0.4685624114303501
Aragonite 3,SBP (sem padrão),K,6640.820438285602,1.688906945607627,0.32,1.368906945607627
Aragonite 3,SBP (sem padrão),Sr,6640.820438285602,0.9662101362331278,1.73,0.7637898637668722
Aragonite 3,SBP (sem padrão),Al,6640.820438285602,0.5808036621369783,0.2,0.3808036621369783
Aragonite 3,SBP + ponto único,Ca,6300.37850207492,90.71378339360535,97.31,6.596216606394648
Aragonite 3,SBP + ponto único,Mg,6300.37850207492,2.8804423433478545,0.28,2.6004423433478543
Aragonite 3,SBP + ponto único,Fe,6300.37850207492,3.7785710540005395,0.12,3.6585710540005394
Aragonite 3,SBP + ponto único,Mn,6300.37850207492,1.9668092124901726,0.0,1.9668092124901726
Aragonite 3,SBP + ponto único,Na,6300.37850207492,0.06467747391439575,0.05,0.01467747391439575
Aragonite 3,SBP + ponto único,K,6300.37850207492,0.43969485466396335,0.32,0.11969485466396335
Aragonite 3,SBP + ponto único,Sr,6300.37850207492,0.0,1.73,1.73
Aragonite 3,SBP + ponto único,Al,6300.37850207492,0.1560216679776954,0.2,0.04397833202230461
Aragonite 3,LS (sem padrão),Ca,3660.616537483573,98.51159594329219,97.31,1.2015959432921903
Aragonite 3,LS (sem padrão),Mg,3660.616537483573,1.3924454835861508,0.28,1.1124454835861508
Aragonite 3,LS (sem padrão),Fe,3660.616537483573,1.5205014770736914e-07,0.12,0.11999984794985229
Aragonite 3,LS (sem padrão),Mn,3660.616537483573,1.4958064255569021e-07,0.0,1.4958064255569021e-07
Aragonite 3,LS (sem padrão),Na,3660.616537483573,0.0024373959914021424,0.05,0.04756260400859786
Aragonite 3,LS (sem padrão),K,3660.616537483573,0.0004025507347896101,0.32,0.3195974492652104
Aragonite 3,LS (sem padrão),Sr,3660.616537483573,0.07869456117667689,1.73,1.651305438823323
Aragonite 3,LS (sem padrão),Al,3660.616537483573,0.01442376358797994,0.2,0.18557623641202006
Aragonite 3,LS + resposta (1 padrão),Ca,5616.398209716765,94.98409942696705,97.31,2.3259005730329534
Aragonite 3,LS + resposta (1 padrão),Mg,5616.398209716765,0.5767418628869326,0.28,0.2967418628869326
Aragonite 3,LS + resposta (1 padrão),Fe,5616.398209716765,1.4759062010859483,0.12,1.3559062010859484
Aragonite 3,LS + resposta (1 padrão),Mn,5616.398209716765,1.9334669892078015e-05,0.0,1.9334669892078015e-05
Aragonite 3,LS + resposta (1 padrão),Na,5616.398209716765,0.09440190003357438,0.05,0.044401900033574374
Aragonite 3,LS + resposta (1 padrão),K,5616.398209716765,0.28501457552673015,0.32,0.034985424473269855
Aragonite 3,LS + resposta (1 padrão),Sr,5616.398209716765,2.372679932447084,1.73,0.6426799324470842
Aragonite 3,LS + resposta (1 padrão),Al,5616.398209716765,0.21113676638277046,0.2,0.011136766382770447
Calcite 1,SBP (sem padrão),Ca,6938.2873750729395,68.43391169685877,99.53,31.09608830314123
Calcite 1,SBP (sem padrão),Mg,6938.2873750729395,0.378064394904547,0.06,0.318064394904547
Calcite 1,SBP (sem padrão),Fe,6938.2873750729395,0.0,0.01,0.01
Calcite 1,SBP (sem padrão),Mn,6938.2873750729395,11.81918030482423,0.0,11.81918030482423
Calcite 1,SBP (sem padrão),Na,6938.2873750729395,0.5587835813225166,0.0,0.5587835813225166
Calcite 1,SBP (sem padrão),K,6938.2873750729395,18.72292869656191,0.38,18.342928696561913
Calcite 1,SBP (sem padrão),Sr,6938.2873750729395,0.0584123070231539,0.0,0.0584123070231539
Calcite 1,SBP (sem padrão),Al,6938.2873750729395,0.028719018504855216,0.0,0.028719018504855216
Calcite 1,SBP + ponto único,Ca,6148.101010513902,97.80614990155425,99.53,1.7238500984457517
Calcite 1,SBP + ponto único,Mg,6148.101010513902,0.9872819342147672,0.06,0.9272819342147671
Calcite 1,SBP + ponto único,Fe,6148.101010513902,0.0,0.01,0.01
Calcite 1,SBP + ponto único,Mn,6148.101010513902,0.16107065298713655,0.0,0.16107065298713655
Calcite 1,SBP + ponto único,Na,6148.101010513902,0.017266752660101442,0.0,0.017266752660101442
Calcite 1,SBP + ponto único,K,6148.101010513902,1.0248670380190628,0.38,0.6448670380190628
Calcite 1,SBP + ponto único,Sr,6148.101010513902,0.0,0.0,0.0
Calcite 1,SBP + ponto único,Al,6148.101010513902,0.003363720564674591,0.0,0.003363720564674591
Calcite 1,LS (sem padrão),Ca,3676.5716839083225,99.9958848140818,99.53,0.4658848140818037
Calcite 1,LS (sem padrão),Mg,3676.5716839083225,6.064174810135956e-08,0.06,0.059999939358251896
Calcite 1,LS (sem padrão),Fe,3676.5716839083225,1.3933505133595656e-07,0.01,0.009999860664948665
Calcite 1,LS (sem padrão),Mn,3676.5716839083225,1.3707205748580502e-07,0.0,1.3707205748580502e-07
Calcite 1,LS (sem padrão),Na,3676.5716839083225,0.00024058532761666947,0.0,0.00024058532761666947
Calcite 1,LS (sem padrão),K,3676.5716839083225,0.0038739776061033028,0.38,0.3761260223938967
Calcite 1,LS (sem padrão),Sr,3676.5716839083225,2.1861468704551013e-07,0.0,2.1861468704551013e-07
Calcite 1,LS (sem padrão),Al,3676.5716839083225,6.732094825224782e-08,0.0,6.732094825224782e-08
Calcite 1,LS + resposta (1 padrão),Ca,5647.833720741678,96.75411555509925,99.53,2.775884444900754
Calcite 1,LS + resposta (1 padrão),Mg,5647.833720741678,2.6115991649240376e-06,0.06,0.05999738840083507
Calcite 1,LS + resposta (1 padrão),Fe,5647.833720741678,1.8880733990270544,0.01,1.8780733990270544
Calcite 1,LS + resposta (1 padrão),Mn,5647.833720741678,5.90314893736255e-06,0.0,5.90314893736255e-06
Calcite 1,LS + resposta (1 padrão),Na,5647.833720741678,0.009878381441395169,0.0,0.009878381441395169
Calcite 1,LS + resposta (1 padrão),K,5647.833720741678,1.3479118347317047,0.38,0.9679118347317047
Calcite 1,LS + resposta (1 padrão),Sr,5647.833720741678,9.415706715275197e-06,0.0,9.415706715275197e-06
Calcite 1,LS + resposta (1 padrão),Al,5647.833720741678,2.899245779390503e-06,0.0,2.899245779390503e-06
Calcite 2,SBP (sem padrão),Ca,6667.7157560095075,48.05317132505437,99.59,51.53682867494563
Calcite 2,SBP (sem padrão),Mg,6667.7157560095075,1.054404385853046,0.38,0.6744043858530461
Calcite 2,SBP (sem padrão),Fe,6667.7157560095075,3.43271802604929,0.0,3.43271802604929
Calcite 2,SBP (sem padrão),Mn,6667.7157560095075,47.11744616564951,0.0,47.11744616564951
Calcite 2,SBP (sem padrão),Na,6667.7157560095075,0.09370569849057717,0.0,0.09370569849057717
Calcite 2,SBP (sem padrão),K,6667.7157560095075,0.14394114114717177,0.0,0.14394114114717177
Calcite 2,SBP (sem padrão),Sr,6667.7157560095075,0.08326958605871881,0.03,0.053269586058718815
Calcite 2,SBP (sem padrão),Al,6667.7157560095075,0.02134367169730909,0.0,0.02134367169730909
Calcite 2,SBP + ponto único,Ca,6297.205063673462,94.56807215252067,99.59,5.021927847479333
Calcite 2,SBP + ponto único,Mg,6297.205063673462,0.9685467300175634,0.38,0.5885467300175634
Calcite 2,SBP + ponto único,Fe,6297.205063673462,3.712875576440957,0.0,3.712875576440957
Calcite 2,SBP + ponto único,Mn,6297.205063673462,0.7138781495088214,0.0,0.7138781495088214
Calcite 2,SBP + ponto único,Na,6297.205063673462,0.00781663027520501,0.0,0.00781663027520501
Calcite 2,SBP + ponto único,K,6297.205063673462,0.02480263250563198,0.0,0.02480263250563198
Calcite 2,SBP + ponto único,Sr,6297.205063673462,0.0,0.03,0.03
Calcite 2,SBP + ponto único,Al,6297.205063673462,0.004008128731141754,0.0,0.004008128731141754
Calcite 2,LS (sem padrão),Ca,3798.976937793068,99.87678578658384,99.59,0.2867857865838346
Calcite 2,LS (sem padrão),Mg,3798.976937793068,0.12258140036398066,0.38,0.2574185996360193
Calcite 2,LS (sem padrão),Fe,3798.976937793068,1.3978889348290502e-07,0.0,1.3978889348290502e-07
Calcite 2,LS (sem padrão),Mn,3798.976937793068,1.3751852860888657e-07,0.0,1.3751852860888657e-07
Calcite 2,LS (sem padrão),Na,3798.976937793068,9.58445068740773e-05,0.0,9.58445068740773e-05
Calcite 2,LS (sem padrão),K,3798.976937793068,9.78684959695945e-08,0.0,9.78684959695945e-08
Calcite 2,LS (sem padrão),Sr,3798.976937793068,0.0005365258291982657,0.03,0.029463474170801734
Calcite 2,LS (sem padrão),Al,3798.976937793068,6.754022605345984e-08,0.0,6.754022605345984e-08
Calcite 2,LS + resposta (1 padrão),Ca,5595.752963908362,99.51166417234035,99.59,0.0783358276596573
Calcite 2,LS + resposta (1 padrão),Mg,5595.752963908362,0.014492933341663053,0.38,0.36550706665833693
Calcite 2,LS + resposta (1 padrão),Fe,5595.752963908362,0.45851247079301416,0.0,0.45851247079301416
Calcite 2,LS + resposta (1 padrão),Mn,5595.752963908362,2.1237587285760014e-07,0.0,2.1237587285760014e-07
Calcite 2,LS + resposta (1 padrão),Na,5595.752963908362,0.0016942359410209338,0.0,0.0016942359410209338
Calcite 2,LS + resposta (1 padrão),K,5595.752963908362,1.5114259445973079e-07,0.0,1.5114259445973079e-07
Calcite 2,LS + resposta (1 padrão),Sr,5595.752963908362,0.013635719760152357,0.03,0.016364280239847644
Calcite 2,LS + resposta (1 padrão),Al,5595.752963908362,1.043053221077686e-07,0.0,1.043053221077686e-07
Calcite 3,SBP (sem padrão),Ca,7069.108568794385,71.93759050404981,99.93,27.9924094959502
Calcite 3,SBP (sem padrão),Mg,7069.108568794385,1.0156921990126924,0.07,0.9456921990126923
Calcite 3,SBP (sem padrão),Fe,7069.108568794385,1.1789556163862585,0.0,1.1789556163862585
Calcite 3,SBP (sem padrão),Mn,7069.108568794385,25.37228524623436,0.0,25.37228524623436
Calcite 3,SBP (sem padrão),Na,7069.108568794385,0.21480791170529112,0.0,0.21480791170529112
Calcite 3,SBP (sem padrão),K,7069.108568794385,0.11659371627376142,0.0,0.11659371627376142
Calcite 3,SBP (sem padrão),Sr,7069.108568794385,0.11454200472320118,0.0,0.11454200472320118
Calcite 3,SBP (sem padrão),Al,7069.108568794385,0.0495328016146253,0.0,0.0495328016146253
Calcite 3,SBP + ponto único,Ca,6361.230694098621,97.75494059010519,99.93,2.175059409894814
Calcite 3,SBP + ponto único,Mg,6361.230694098621,1.0798006109850429,0.07,1.0098006109850428
Calcite 3,SBP + ponto único,Fe,6361.230694098621,0.8417580532569318,0.0,0.8417580532569318
Calcite 3,SBP + ponto único,Mn,6361.230694098621,0.2977713837394737,0.0,0.2977713837394737
Calcite 3,SBP + ponto único,Na,6361.230694098621,0.007461439239218275,0.0,0.007461439239218275
Calcite 3,SBP + ponto único,K,6361.230694098621,0.007827824683646782,0.0,0.007827824683646782
Calcite 3,SBP + ponto único,Sr,6361.230694098621,0.0,0.0,0.0
Calcite 3,SBP + ponto único,Al,6361.230694098621,0.010440097990516158,0.0,0.010440097990516158
Calcite 3,LS (sem padrão),Ca,3823.5361021405233,99.9999418813734,99.93,0.06994188137339563
Calcite 3,LS (sem padrão),Mg,3823.5361021405233,9.933369561955271e-08,0.07,0.06999990066630439
Calcite 3,LS (sem padrão),Fe,3823.5361021405233,2.2823658637621563e-07,0.0,2.2823658637621563e-07
Calcite 3,LS (sem padrão),Mn,3823.5361021405233,2.2452970869975222e-07,0.0,2.2452970869975222e-07
Calcite 3,LS (sem padrão),Na,3823.5361021405233,5.693836003614317e-05,0.0,5.693836003614317e-05
Calcite 3,LS (sem padrão),K,3823.5361021405233,1.5979217573887148e-07,0.0,1.5979217573887148e-07
Calcite 3,LS (sem padrão),Sr,3823.5361021405233,3.580999140170833e-07,0.0,3.580999140170833e-07
Calcite 3,LS (sem padrão),Al,3823.5361021405233,1.1027450216858603e-07,0.0,1.1027450216858603e-07
Calcite 3,LS + resposta (1 padrão),Ca,5772.852008594823,99.61929651771902,99.93,0.3107034822809851
Calcite 3,LS + resposta (1 padrão),Mg,5772.852008594823,1.5357936568101318e-06,0.07,0.0699984642063432
Calcite 3,LS + resposta (1 padrão),Fe,5772.852008594823,0.3785037101429906,0.0,0.3785037101429906
Calcite 3,LS + resposta (1 padrão),Mn,5772.852008594823,3.47144340332586e-06,0.0,3.47144340332586e-06
Calcite 3,LS + resposta (1 padrão),Na,5772.852008594823,0.0021850279967093812,0.0,0.0021850279967093812
Calcite 3,LS + resposta (1 padrão),K,5772.852008594823,2.4705394172926986e-06,0.0,2.4705394172926986e-06
Calcite 3,LS + resposta (1 padrão),Sr,5772.852008594823,5.561415837038794e-06,0.0,5.561415837038794e-06
Calcite 3,LS + resposta (1 padrão),Al,5772.852008594823,1.7049489629265178e-06,0.0,1.7049489629265178e-06
Dolomite 1,SBP (sem padrão),Ca,6904.730867759446,49.03333401434784,51.32,2.2866659856521636
Dolomite 1,SBP (sem padrão),Mg,6904.730867759446,31.662976214489902,46.99,15.3270237855101
Dolomite 1,SBP (sem padrão),Fe,6904.730867759446,2.489843163398376,1.34,1.1498431633983761
Dolomite 1,SBP (sem padrão),Mn,6904.730867759446,14.654221686776125,0.21,14.444221686776125
Dolomite 1,SBP (sem padrão),Na,6904.730867759446,1.3815802824119074,0.08,1.3015802824119074
Dolomite 1,SBP (sem padrão),K,6904.730867759446,0.5110328730218131,0.0,0.5110328730218131
Dolomite 1,SBP (sem padrão),Sr,6904.730867759446,0.13279748564128854,0.02,0.11279748564128854
Dolomite 1,SBP (sem padrão),Al,6904.730867759446,0.13421427991275559,0.02,0.11421427991275558
Dolomite 1,SBP + ponto único,Ca,6447.173263189,59.5437616955479,51.32,8.2237616955479
Dolomite 1,SBP + ponto único,Mg,6447.173263189,37.629963837912456,46.99,9.360036162087546
Dolomite 1,SBP + ponto único,Fe,6447.173263189,2.438337293975373,1.34,1.098337293975373
Dolomite 1,SBP + ponto único,Mn,6447.173263189,0.2738920179387787,0.21,0.06389201793877872
Dolomite 1,SBP + ponto único,Na,6447.173263189,0.05684109570613657,0.08,0.023158904293863435
Dolomite 1,SBP + ponto único,K,6447.173263189,0.04365629920339609,0.0,0.04365629920339609
Dolomite 1,SBP + ponto único,Sr,6447.173263189,0.0,0.02,0.02
Dolomite 1,SBP + ponto único,Al,6447.173263189,0.013547759715954939,0.02,0.0064522402840450615
Dolomite 1,LS (sem padrão),Ca,3386.43224976412,9.748042129725524,51.32,41.571957870274474
Dolomite 1,LS (sem padrão),Mg,3386.43224976412,90.23385362412212,46.99,43.24385362412212
Dolomite 1,LS (sem padrão),Fe,3386.43224976412,0.01571777944611482,1.34,1.3242822205538853
Dolomite 1,LS (sem padrão),Mn,3386.43224976412,0.0015652427201281514,0.21,0.20843475727987185
Dolomite 1,LS (sem padrão),Na,3386.43224976412,0.00048042912013029584,0.08,0.0795195708798697
Dolomite 1,LS (sem padrão),K,3386.43224976412,2.7670738434623803e-06,0.0,2.7670738434623803e-06
Dolomite 1,LS (sem padrão),Sr,3386.43224976412,0.00011359715535179899,0.02,0.019886402844648203
Dolomite 1,LS (sem padrão),Al,3386.43224976412,0.00022443063679727186,0.02,0.019775569363202728
Dolomite 1,LS + resposta (1 padrão),Ca,5558.021120907396,40.222380086466295,51.32,11.097619913533705
Dolomite 1,LS + resposta (1 padrão),Mg,5558.021120907396,57.55345671191569,46.99,10.563456711915691
Dolomite 1,LS + resposta (1 padrão),Fe,5558.021120907396,1.9389024930627987,1.34,0.5989024930627986
Dolomite 1,LS + resposta (1 padrão),Mn,5558.021120907396,0.15996449576855987,0.21,0.050035504231440125
Dolomite 1,LS + resposta (1 padrão),Na,5558.021120907396,0.06909006274803932,0.08,0.010909937251960683
Dolomite 1,LS + resposta (1 padrão),K,5558.021120907396,0.006668835083500618,0.0,0.006668835083500618
Dolomite 1,LS + resposta (1 padrão),Sr,5558.021120907396,0.02176235323814469,0.02,0.0017623532381446892
Dolomite 1,LS + resposta (1 padrão),Al,5558.021120907396,0.027774961716970706,0.02,0.007774961716970705
Dolomite 2,SBP (sem padrão),Ca,7265.6320557984445,46.10209224656022,51.25,5.147907753439782
Dolomite 2,SBP (sem padrão),Mg,7265.6320557984445,38.46807447369198,47.34,8.871925526308026
Dolomite 2,SBP (sem padrão),Fe,7265.6320557984445,1.2257316466908983,0.43,0.7957316466908984
Dolomite 2,SBP (sem padrão),Mn,7265.6320557984445,5.126478397245899,0.06,5.066478397245899
Dolomite 2,SBP (sem padrão),Na,7265.6320557984445,0.8918455708119386,0.0,0.8918455708119386
Dolomite 2,SBP (sem padrão),K,7265.6320557984445,7.91143442688269,0.92,6.99143442688269
Dolomite 2,SBP (sem padrão),Sr,7265.6320557984445,0.0579262123004951,0.0,0.0579262123004951
Dolomite 2,SBP (sem padrão),Al,7265.6320557984445,0.21641702581587552,0.0,0.21641702581587552
Dolomite 2,SBP + ponto único,Ca,6797.883328191938,61.97332767312145,51.25,10.723327673121453
Dolomite 2,SBP + ponto único,Mg,6797.883328191938,35.65048274588001,47.34,11.689517254119991
Dolomite 2,SBP + ponto único,Fe,6797.883328191938,1.3768475868724837,0.43,0.9468475868724837
Dolomite 2,SBP + ponto único,Mn,6797.883328191938,0.09373431664459311,0.06,0.033734316644593115
Dolomite 2,SBP + ponto único,Na,6797.883328191938,0.04287117159687611,0.0,0.04287117159687611
Dolomite 2,SBP + ponto único,K,6797.883328191938,0.8374900690887449,0.92,0.08250993091125514
Dolomite 2,SBP + ponto único,Sr,6797.883328191938,0.0,0.0,0.0
Dolomite 2,SBP + ponto único,Al,6797.883328191938,0.02524643679586009,0.0,0.02524643679586009
Dolomite 2,LS (sem padrão),Ca,3611.5857168104785,10.920895124589103,51.25,40.3291048754109
Dolomite 2,LS (sem padrão),Mg,3611.5857168104785,89.06144161853611,47.34,41.721441618536105
Dolomite 2,LS (sem padrão),Fe,3611.5857168104785,0.01740575317880795,0.43,0.41259424682119206
Dolomite 2,LS (sem padrão),Mn,3611.5857168104785,2.0131073769344567e-07,0.06,0.05999979868926231
Dolomite 2,LS (sem padrão),Na,3611.5857168104785,0.0001397765308353198,0.0,0.0001397765308353198
Dolomite 2,LS (sem padrão),K,3611.5857168104785,0.00011600692199461534,0.92,0.9198839930780054
Dolomite 2,LS (sem padrão),Sr,3611.5857168104785,1.4200615549622322e-06,0.0,1.4200615549622322e-06
Dolomite 2,LS (sem padrão),Al,3611.5857168104785,9.887084212101915e-08,0.0,9.887084212101915e-08
Dolomite 2,LS + resposta (1 padrão),Ca,6082.260857075798,33.90566666139267,51.25,17.344333338607328
Dolomite 2,LS + resposta (1 padrão),Mg,6082.260857075798,65.08411447239203,47.34,17.744114472392027
Dolomite 2,LS + resposta (1 padrão),Fe,6082.260857075798,0.8602005502404865,0.43,0.4302005502404865
Dolomite 2,LS + resposta (1 padrão),Mn,6082.260857075798,5.935487750004627e-07,0.06,0.059999406451225
Dolomite 2,LS + resposta (1 padrão),Na,6082.260857075798,0.02055614648516332,0.0,0.02055614648516332
Dolomite 2,LS + resposta (1 padrão),K,6082.260857075798,0.12893329442281573,0.92,0.7910667055771843
Dolomite 2,LS + resposta (1 padrão),Sr,6082.260857075798,0.0005279900052422756,0.0,0.0005279900052422756
Dolomite 2,LS + resposta (1 padrão),Al,6082.260857075798,2.9151278824519957e-07,0.0,2.9151278824519957e-07
Dolomite 3,SBP (sem padrão),Ca,6861.845797147396,46.44607638212831,50.25,3.803923617871689
Dolomite 3,SBP (sem padrão),Mg,6861.845797147396,31.6578006623675,44.55,12.892199337632498
Dolomite 3,SBP (sem padrão),Fe,6861.845797147396,4.834254788804556,3.61,1.2242547888045565
Dolomite 3,SBP (sem padrão),Mn,6861.845797147396,15.78113260933599,1.41,14.371132609335989
Dolomite 3,SBP (sem padrão),Na,6861.845797147396,0.28280864055582855,0.0,0.28280864055582855
Dolomite 3,SBP (sem padrão),K,6861.845797147396,0.625608918706253,0.15,0.475608918706253
Dolomite 3,SBP (sem padrão),Sr,6861.845797147396,0.14487656677708555,0.03,0.11487656677708555
Dolomite 3,SBP (sem padrão),Al,6861.845797147396,0.22744143132444533,0.0,0.22744143132444533
Dolomite 3,SBP + ponto único,Ca,6523.930878740068,58.63828959500477,50.25,8.388289595004771
Dolomite 3,SBP + ponto único,Mg,6523.930878740068,36.7996633252572,44.55,7.7503366747427975
Dolomite 3,SBP + ponto único,Fe,6523.930878740068,3.743472166573371,3.61,0.1334721665733709
Dolomite 3,SBP + ponto único,Mn,6523.930878740068,0.7151971249632236,1.41,0.6948028750367763
Dolomite 3,SBP + ponto único,Na,6523.930878740068,0.013765335996772156,0.0,0.013765335996772156
Dolomite 3,SBP + ponto único,K,6523.930878740068,0.06590591003568311,0.15,0.08409408996431689
Dolomite 3,SBP + ponto único,Sr,6523.930878740068,0.0,0.03,0.03
Dolomite 3,SBP + ponto único,Al,6523.930878740068,0.023706542168969853,0.0,0.023706542168969853
Dolomite 3,LS (sem padrão),Ca,3501.8650508589835,8.918385578140873,50.25,41.33161442185913
Dolomite 3,LS (sem padrão),Mg,3501.8650508589835,90.98600375750203,44.55,46.436003757502036
Dolomite 3,LS (sem padrão),Fe,3501.8650508589835,0.07980313169417139,3.61,3.5301968683058287
Dolomite 3,LS (sem padrão),Mn,3501.8650508589835,0.014964738373774215,1.41,1.3950352616262256
Dolomite 3,LS (sem padrão),Na,3501.8650508589835,4.473015873779435e-05,0.0,4.473015873779435e-05
Dolomite 3,LS (sem padrão),K,3501.8650508589835,5.556304504155403e-06,0.15,0.14999444369549583
Dolomite 3,LS (sem padrão),Sr,3501.8650508589835,0.00013868294956084193,0.03,0.029861317050439158
Dolomite 3,LS (sem padrão),Al,3501.8650508589835,0.000653824876374285,0.0,0.000653824876374285
Dolomite 3,LS + resposta (1 padrão),Ca,5857.374838416566,32.59477595415782,50.25,17.655224045842182
Dolomite 3,LS + resposta (1 padrão),Mg,5857.374838416566,64.28218566106524,44.55,19.732185661065245
Dolomite 3,LS + resposta (1 padrão),Fe,5857.374838416566,2.4884552907724418,3.61,1.1215447092275581
Dolomite 3,LS + resposta (1 padrão),Mn,5857.374838416566,0.5607061532704078,1.41,0.8492938467295921
Dolomite 3,LS + resposta (1 padrão),Na,5857.374838416566,0.007706746060747936,0.0,0.007706746060747936
Dolomite 3,LS + resposta (1 padrão),K,5857.374838416566,0.010401536599884102,0.15,0.1395984634001159
Dolomite 3,LS + resposta (1 padrão),Sr,5857.374838416566,0.019309843811195174,0.03,0.010690156188804825
Dolomite 3,LS + resposta (1 padrão),Al,5857.374838416566,0.03645881426225528,0.0,0.03645881426225528
Huntite 1,SBP (sem padrão),Ca,6740.748663482481,21.269858459572234,32.6,11.330141540427768
Huntite 1,SBP (sem padrão),Mg,6740.748663482481,41.94399537242372,63.27,21.326004627576282
Huntite 1,SBP (sem padrão),Fe,6740.748663482481,0.4091331503357978,0.0,0.4091331503357978
Huntite 1,SBP (sem padrão),Mn,6740.748663482481,27.63038395895083,0.0,27.63038395895083
Huntite 1,SBP (sem padrão),Na,6740.748663482481,1.371648091972937,1.15,0.2216480919729371
Huntite 1,SBP (sem padrão),K,6740.748663482481,5.473129691553115,0.48,4.993129691553115
Huntite 1,SBP (sem padrão),Sr,6740.748663482481,1.5982488547067306,2.49,0.8917511452932696
Huntite 1,SBP (sem padrão),Al,6740.748663482481,0.30360242048463976,0.0,0.30360242048463976
Huntite 1,SBP + ponto único,Ca,6394.985344813746,42.46996749927182,32.6,9.869967499271816
Huntite 1,SBP + ponto único,Mg,6394.985344813746,54.495464026369866,63.27,8.774535973630137
Huntite 1,SBP + ponto único,Fe,6394.985344813746,1.353409742935753,0.0,1.353409742935753
Huntite 1,SBP + ponto único,Mn,6394.985344813746,0.6445361575508348,0.0,0.6445361575508348
Huntite 1,SBP + ponto único,Na,6394.985344813746,0.10439388306499595,1.15,1.045606116935004
Huntite 1,SBP + ponto único,K,6394.985344813746,0.881864447757616,0.48,0.401864447757616
Huntite 1,SBP + ponto único,Sr,6394.985344813746,0.0,2.49,2.49
Huntite 1,SBP + ponto único,Al,6394.985344813746,0.050364243049132826,0.0,0.050364243049132826
Huntite 1,LS (sem padrão),Ca,3562.746826786262,0.2534942042916706,32.6,32.34650579570833
Huntite 1,LS (sem padrão),Mg,3562.746826786262,99.73140626075084,63.27,36.46140626075084
Huntite 1,LS (sem padrão),Fe,3562.746826786262,2.291503963240441e-07,0.0,2.291503963240441e-07
Huntite 1,LS (sem padrão),Mn,3562.746826786262,2.2542867711075897e-07,0.0,2.2542867711075897e-07
Huntite 1,LS (sem padrão),Na,3562.746826786262,0.0018123621718646188,1.15,1.1481876378281353
Huntite 1,LS (sem padrão),K,3562.746826786262,0.00033893741505731196,0.48,0.4796610625849427
Huntite 1,LS (sem padrão),Sr,3562.746826786262,0.012947670075467042,2.49,2.477052329924533
Huntite 1,LS (sem padrão),Al,3562.746826786262,1.10716017434244e-07,0.0,1.10716017434244e-07
Huntite 1,LS + resposta (1 padrão),Ca,5853.563028531572,18.36620620658781,32.6,14.233793793412193
Huntite 1,LS + resposta (1 padrão),Mg,5853.563028531572,78.77124504170885,63.27,15.501245041708849
Huntite 1,LS + resposta (1 padrão),Fe,5853.563028531572,0.3669407308888465,0.0,0.3669407308888465
Huntite 1,LS + resposta (1 padrão),Mn,5853.563028531572,7.944141836331244e-07,0.0,7.944141836331244e-07
Huntite 1,LS + resposta (1 padrão),Na,5853.563028531572,0.2782042093412812,1.15,0.8717957906587187
Huntite 1,LS + resposta (1 padrão),K,5853.563028531572,0.788388523658754,0.48,0.308388523658754
Huntite 1,LS + resposta (1 padrão),Sr,5853.563028531572,1.3987330662784965,2.49,1.0912669337215037
Huntite 1,LS + resposta (1 padrão),Al,5853.563028531572,0.030281427121759574,0.0,0.030281427121759574
Magnesite 1,SBP (sem padrão),Ca,6950.426586329019,5.840398036190085,5.52,0.32039803619008556
Magnesite 1,SBP (sem padrão),Mg,6950.426586329019,53.785231965837475,89.08,35.29476803416252
Magnesite 1,SBP (sem padrão),Fe,6950.426586329019,3.393417344904034,3.71,0.31658265509596584
Magnesite 1,SBP (sem padrão),Mn,6950.426586329019,4.040111294097491,0.21,3.830111294097491
Magnesite 1,SBP (sem padrão),Na,6950.426586329019,1.4972943632204603,0.0,1.4972943632204603
Magnesite 1,SBP (sem padrão),K,6950.426586329019,30.22706300733371,1.48,28.74706300733371
Magnesite 1,SBP (sem padrão),Sr,6950.426586329019,0.0397923578381113,0.0,0.0397923578381113
Magnesite 1,SBP (sem padrão),Al,6950.426586329019,1.1766916305786241,0.0,1.1766916305786241
Magnesite 1,SBP + ponto único,Ca,6735.251111420795,12.693214248137055,5.52,7.1732142481370555
Magnesite 1,SBP + ponto único,Mg,6735.251111420795,74.72315560973101,89.08,14.35684439026899
Magnesite 1,SBP + ponto único,Fe,6735.251111420795,4.861525465634773,3.71,1.1515254656347729
Magnesite 1,SBP + ponto único,Mn,6735.251111420795,0.23396623998661034,0.21,0.02396623998661035
Magnesite 1,SBP + ponto único,Na,6735.251111420795,0.15448888819110485,0.0,0.15448888819110485
Magnesite 1,SBP + ponto único,K,6735.251111420795,7.108723770630606,1.48,5.6287237706306055
Magnesite 1,SBP + ponto único,Sr,6735.251111420795,0.0,0.0,0.0
Magnesite 1,SBP + ponto único,Al,6735.251111420795,0.22492577768885003,0.0,0.22492577768885003
Magnesite 1,LS (sem padrão),Ca,5346.147379123828,0.1552108722424768,5.52,5.364789127757523
Magnesite 1,LS (sem padrão),Mg,5346.147379123828,95.13053009307691,89.08,6.050530093076915
Magnesite 1,LS (sem padrão),Fe,5346.147379123828,1.5953829811553604,3.71,2.1146170188446396
Magnesite 1,LS (sem padrão),Mn,5346.147379123828,0.02475582101200554,0.21,0.18524417898799445
Magnesite 1,LS (sem padrão),Na,5346.147379123828,0.03494836759092397,0.0,0.03494836759092397
Magnesite 1,LS (sem padrão),K,5346.147379123828,2.990896618832639,1.48,1.5108966188326391
Magnesite 1,LS (sem padrão),Sr,5346.147379123828,0.00014410209760620267,0.0,0.00014410209760620267
Magnesite 1,LS (sem padrão),Al,5346.147379123828,0.06813114399208267,0.0,0.06813114399208267
Magnesite 1,LS + resposta (1 padrão),Ca,6018.8797351366475,2.306354573161895,5.52,3.2136454268381045
Magnesite 1,LS + resposta (1 padrão),Mg,6018.8797351366475,55.81205642065823,89.08,33.26794357934177
Magnesite 1,LS + resposta (1 padrão),Fe,6018.8797351366475,5.376644724640471,3.71,1.666644724640471
Magnesite 1,LS + resposta (1 padrão),Mn,6018.8797351366475,0.1272287574129226,0.21,0.08277124258707738
Magnesite 1,LS + resposta (1 padrão),Na,6018.8797351366475,0.12623046463592943,0.0,0.12623046463592943
Magnesite 1,LS + resposta (1 padrão),K,6018.8797351366475,36.02669238619615,1.48,34.546692386196156
Magnesite 1,LS + resposta (1 padrão),Sr,6018.8797351366475,0.0011571558540456987,0.0,0.0011571558540456987
Magnesite 1,LS + resposta (1 padrão),Al,6018.8797351366475,0.22363551744036692,0.0,0.22363551744036692
Magnesite 2,SBP (sem padrão),Ca,6269.284642772768,6.351895207678692,6.2,0.1518952076786917
Magnesite 2,SBP (sem padrão),Mg,6269.284642772768,76.51222754012613,93.8,17.287772459873864
Magnesite 2,SBP (sem padrão),Fe,6269.284642772768,1.6390565016514596,0.0,1.6390565016514596
Magnesite 2,SBP (sem padrão),Mn,6269.284642772768,14.898053463225704,0.0,14.898053463225704
Magnesite 2,SBP (sem padrão),Na,6269.284642772768,0.23271002430164567,0.0,0.23271002430164567
Magnesite 2,SBP (sem padrão),K,6269.284642772768,0.1104361741709777,0.0,0.1104361741709777
Magnesite 2,SBP (sem padrão),Sr,6269.284642772768,0.02274071722478363,0.0,0.02274071722478363
Magnesite 2,SBP (sem padrão),Al,6269.284642772768,0.23288037162059189,0.0,0.23288037162059189
Magnesite 2,SBP + ponto único,Ca,6508.480615930952,11.228570549835196,6.2,5.028570549835195
Magnesite 2,SBP + ponto único,Mg,6508.480615930952,87.07774323937653,93.8,6.722256760623466
Magnesite 2,SBP + ponto único,Fe,6508.480615930952,1.2670834867825076,0.0,1.2670834867825076
Magnesite 2,SBP + ponto único,Mn,6508.480615930952,0.330803853984186,0.0,0.330803853984186
Magnesite 2,SBP + ponto único,Na,6508.480615930952,0.03090721295497279,0.0,0.03090721295497279
Magnesite 2,SBP + ponto único,K,6508.480615930952,0.039379774120154705,0.0,0.039379774120154705
Magnesite 2,SBP + ponto único,Sr,6508.480615930952,0.0,0.0,0.0
Magnesite 2,SBP + ponto único,Al,6508.480615930952,0.025511882946452666,0.0,0.025511882946452666
Magnesite 2,LS (sem padrão),Ca,3000.00000168503,0.0018333797423632566,6.2,6.198166620257637
Magnesite 2,LS (sem padrão),Mg,3000.00000168503,99.99735887852898,93.8,6.197358878528988
Magnesite 2,LS (sem padrão),Fe,3000.00000168503,3.096225349421492e-07,0.0,3.096225349421492e-07
Magnesite 2,LS (sem padrão),Mn,3000.00000168503,2.9728014349158734e-07,0.0,2.9728014349158734e-07
Magnesite 2,LS (sem padrão),Na,3000.00000168503,1.8991287544008093e-05,0.0,1.8991287544008093e-05
Magnesite 2,LS (sem padrão),K,3000.00000168503,2.1156506921915804e-07,0.0,2.1156506921915804e-07
Magnesite 2,LS (sem padrão),Sr,3000.00000168503,1.651891752222045e-06,0.0,1.651891752222045e-06
Magnesite 2,LS (sem padrão),Al,3000.00000168503,0.0007862800816120143,0.0,0.0007862800816120143
Magnesite 2,LS + resposta (1 padrão),Ca,5916.766336454061,0.9851316404270354,6.2,5.214868359572964
Magnesite 2,LS + resposta (1 padrão),Mg,5916.766336454061,98.4193414377117,93.8,4.619341437711697
Magnesite 2,LS + resposta (1 padrão),Fe,5916.766336454061,0.49787838156730757,0.0,0.49787838156730757
Magnesite 2,LS + resposta (1 padrão),Mn,5916.766336454061,1.9118163501119844e-06,0.0,1.9118163501119844e-06
Magnesite 2,LS + resposta (1 padrão),Na,5916.766336454061,0.009266118146633168,0.0,0.009266118146633168
Magnesite 2,LS + resposta (1 padrão),K,5916.766336454061,0.0028586673599433907,0.0,0.0028586673599433907
Magnesite 2,LS + resposta (1 padrão),Sr,5916.766336454061,0.0009411733097424248,0.0,0.0009411733097424248
Magnesite 2,LS + resposta (1 padrão),Al,5916.766336454061,0.08458066966129656,0.0,0.08458066966129656
Magnesite 3,SBP (sem padrão),Ca,6434.60998301102,8.647563660233981,2.3,6.347563660233981
Magnesite 3,SBP (sem padrão),Mg,6434.60998301102,62.404995115997586,97.7,35.29500488400242
Magnesite 3,SBP (sem padrão),Fe,6434.60998301102,1.715418751362418,0.0,1.715418751362418
Magnesite 3,SBP (sem padrão),Mn,6434.60998301102,25.832503885381247,0.0,25.832503885381247
Magnesite 3,SBP (sem padrão),Na,6434.60998301102,0.3347226131295131,0.0,0.3347226131295131
Magnesite 3,SBP (sem padrão),K,6434.60998301102,0.05565667428011832,0.0,0.05565667428011832
Magnesite 3,SBP (sem padrão),Sr,6434.60998301102,0.10297005738824168,0.0,0.10297005738824168
Magnesite 3,SBP (sem padrão),Al,6434.60998301102,0.9061692422268944,0.0,0.9061692422268944
Magnesite 3,SBP + ponto único,Ca,6218.849608530742,15.043083532561432,2.3,12.743083532561432
Magnesite 3,SBP + ponto único,Mg,6218.849608530742,79.73595234829635,97.7,17.964047651703652
Magnesite 3,SBP + ponto único,Fe,6218.849608530742,4.69853536836993,0.0,4.69853536836993
Magnesite 3,SBP + ponto único,Mn,6218.849608530742,0.3662627498097546,0.0,0.3662627498097546
Magnesite 3,SBP + ponto único,Na,6218.849608530742,0.02454576683164647,0.0,0.02454576683164647
Magnesite 3,SBP + ponto único,K,6218.849608530742,0.008833162875441697,0.0,0.008833162875441697
Magnesite 3,SBP + ponto único,Sr,6218.849608530742,0.0,0.0,0.0
Magnesite 3,SBP + ponto único,Al,6218.849608530742,0.1227870712554739,0.0,0.1227870712554739
Magnesite 3,LS (sem padrão),Ca,3000.0000000269984,0.0048483818941223444,2.3,2.2951516181058773
Magnesite 3,LS (sem padrão),Mg,3000.0000000269984,99.99363133631746,97.7,2.2936313363174605
Magnesite 3,LS (sem padrão),Fe,3000.0000000269984,2.2975290481636236e-07,0.0,2.2975290481636236e-07
Magnesite 3,LS (sem padrão),Mn,3000.0000000269984,2.2602139986963573e-07,0.0,2.2602139986963573e-07
Magnesite 3,LS (sem padrão),Na,3000.0000000269984,6.72286004424277e-05,0.0,6.72286004424277e-05
Magnesite 3,LS (sem padrão),K,3000.0000000269984,1.6085403764907607e-07,0.0,1.6085403764907607e-07
Magnesite 3,LS (sem padrão),Sr,3000.0000000269984,0.00010790365476162685,0.0,0.00010790365476162685
Magnesite 3,LS (sem padrão),Al,3000.0000000269984,0.0013445329048661064,0.0,0.0013445329048661064
Magnesite 3,LS + resposta (1 padrão),Ca,5767.431038318428,2.435763537230512,2.3,0.13576353723051238
Magnesite 3,LS + resposta (1 padrão),Mg,5767.431038318428,96.81933876038923,97.7,0.8806612396107738
Magnesite 3,LS + resposta (1 padrão),Fe,5767.431038318428,0.6224059728642054,0.0,0.6224059728642054
Magnesite 3,LS + resposta (1 padrão),Mn,5767.431038318428,4.413753359210519e-07,0.0,4.413753359210519e-07
Magnesite 3,LS + resposta (1 padrão),Na,5767.431038318428,0.015407221515838624,0.0,0.015407221515838624
Magnesite 3,LS + resposta (1 padrão),K,5767.431038318428,0.000373326812758361,0.0,0.000373326812758361
Magnesite 3,LS + resposta (1 padrão),Sr,5767.431038318428,0.013490242512581714,0.0,0.013490242512581714
Magnesite 3,LS + resposta (1 padrão),Al,5767.431038318428,0.09322049729953345,0.0,0.09322049729953345
Siderite 1,SBP (sem padrão),Ca,6581.6007967085925,8.847655068467512,2.32,6.527655068467512
Siderite 1,SBP (sem padrão),Mg,6581.6007967085925,20.002028326409963,5.5,14.502028326409963
Siderite 1,SBP (sem padrão),Fe,6581.6007967085925,29.992080273839882,88.53,58.53791972616012
Siderite 1,SBP (sem padrão),Mn,6581.6007967085925,34.07949730541233,1.86,32.21949730541233
Siderite 1,SBP (sem padrão),Na,6581.6007967085925,0.49518458899080253,0.09,0.40518458899080256
Siderite 1,SBP (sem padrão),K,6581.6007967085925,6.422128390922232,1.71,4.712128390922232
Siderite 1,SBP (sem padrão),Sr,6581.6007967085925,0.03512189276077833,0.0,0.03512189276077833
Siderite 1,SBP (sem padrão),Al,6581.6007967085925,0.12630415319648605,0.0,0.12630415319648605
Siderite 1,SBP + ponto único,Ca,6411.856605856004,22.76479214782401,2.32,20.44479214782401
Siderite 1,SBP + ponto único,Mg,6411.856605856004,29.477858984144383,5.5,23.977858984144383
Siderite 1,SBP + ponto único,Fe,6411.856605856004,44.035782055087175,88.53,44.494217944912826
Siderite 1,SBP + ponto único,Mn,6411.856605856004,1.976086630527141,1.86,0.11608663052714085
Siderite 1,SBP + ponto único,Na,6411.856605856004,0.05733015308636739,0.09,0.03266984691363261
Siderite 1,SBP + ponto único,K,6411.856605856004,1.6705169625285887,1.71,0.03948303747141124
Siderite 1,SBP + ponto único,Sr,6411.856605856004,0.0,0.0,0.0
Siderite 1,SBP + ponto único,Al,6411.856605856004,0.017633066802338254,0.0,0.017633066802338254
Siderite 1,LS (sem padrão),Ca,6052.012967814269,1.9660611556191547,2.32,0.3539388443808451
Siderite 1,LS (sem padrão),Mg,6052.012967814269,56.40725241341102,5.5,50.90725241341102
Siderite 1,LS (sem padrão),Fe,6052.012967814269,24.21788935054922,88.53,64.31211064945077
Siderite 1,LS (sem padrão),Mn,6052.012967814269,1.0947330814747491,1.86,0.765266918525251
Siderite 1,LS (sem padrão),Na,6052.012967814269,0.20195653792153342,0.09,0.11195653792153343
Siderite 1,LS (sem padrão),K,6052.012967814269,16.103778201890783,1.71,14.393778201890782
Siderite 1,LS (sem padrão),Sr,6052.012967814269,0.0018862647144180854,0.0,0.0018862647144180854
Siderite 1,LS (sem padrão),Al,6052.012967814269,0.006442994419131438,0.0,0.006442994419131438
Siderite 1,LS + resposta (1 padrão),Ca,6063.320099206255,5.510506313263945,2.32,3.190506313263945
Siderite 1,LS + resposta (1 padrão),Mg,6063.320099206255,14.87979465950116,5.5,9.37979465950116
Siderite 1,LS + resposta (1 padrão),Fe,6063.320099206255,72.45493767881658,88.53,16.075062321183424
Siderite 1,LS + resposta (1 padrão),Mn,6063.320099206255,1.7171051520074934,1.86,0.14289484799250673
Siderite 1,LS + resposta (1 padrão),Na,6063.320099206255,0.07752244580758112,0.09,0.012477554192418874
Siderite 1,LS + resposta (1 padrão),K,6063.320099206255,5.360131382580031,1.71,3.650131382580031
Siderite 1,LS + resposta (1 padrão),Sr,6063.320099206255,1.810493664435956e-06,0.0,1.810493664435956e-06
Siderite 1,LS + resposta (1 padrão),Al,6063.320099206255,5.575295600754503e-07,0.0,5.575295600754503e-07
Siderite 2,SBP (sem padrão),Ca,6912.16261925393,10.939927689874064,3.66,7.279927689874064
Siderite 2,SBP (sem padrão),Mg,6912.16261925393,14.10551337556407,3.57,10.53551337556407
Siderite 2,SBP (sem padrão),Fe,6912.16261925393,19.09787724260374,83.53,64.43212275739626
Siderite 2,SBP (sem padrão),Mn,6912.16261925393,54.5234558868644,9.09,45.433455886864394
Siderite 2,SBP (sem padrão),Na,6912.16261925393,0.5893201296358416,0.04,0.5493201296358415
Siderite 2,SBP (sem padrão),K,6912.16261925393,0.5036888603883287,0.1,0.40368886038832874
Siderite 2,SBP (sem padrão),Sr,6912.16261925393,0.05365992721023351,0.0,0.05365992721023351
Siderite 2,SBP (sem padrão),Al,6912.16261925393,0.18655688785931626,0.0,0.18655688785931626
Siderite 2,SBP + ponto único,Ca,6719.264745424366,37.71883038139809,3.66,34.058830381398096
Siderite 2,SBP + ponto único,Mg,6719.264745424366,15.988744459537514,3.57,12.418744459537514
Siderite 2,SBP + ponto único,Fe,6719.264745424366,38.787656091746896,83.53,44.742343908253105
Siderite 2,SBP + ponto único,Mn,6719.264745424366,7.198055052885972,9.09,1.8919449471140277
Siderite 2,SBP + ponto único,Na,6719.264745424366,0.09169363557914025,0.04,0.051693635579140244
Siderite 2,SBP + ponto único,K,6719.264745424366,0.1792791729710113,0.1,0.07927917297101131
Siderite 2,SBP + ponto único,Sr,6719.264745424366,0.0,0.0,0.0
Siderite 2,SBP + ponto único,Al,6719.264745424366,0.03574120588135312,0.0,0.03574120588135312
Siderite 2,LS (sem padrão),Ca,6002.962343212522,6.612429483332052,3.66,2.952429483332052
Siderite 2,LS (sem padrão),Mg,6002.962343212522,27.175917306308847,3.57,23.605917306308847
Siderite 2,LS (sem padrão),Fe,6002.962343212522,54.1402208920951,83.53,29.3897791079049
Siderite 2,LS (sem padrão),Mn,6002.962343212522,11.504659481315397,9.09,2.4146594813153968
Siderite 2,LS (sem padrão),Na,6002.962343212522,0.45798240948902696,0.04,0.417982409489027
Siderite 2,LS (sem padrão),K,6002.962343212522,0.04231235509365748,0.1,0.057687644906342525
Siderite 2,LS (sem padrão),Sr,6002.962343212522,0.006540618191118197,0.0,0.006540618191118197
Siderite 2,LS (sem padrão),Al,6002.962343212522,0.059937454174813574,0.0,0.059937454174813574
Siderite 2,LS + resposta (1 padrão),Ca,5821.418129827678,7.099607630341871,3.66,3.439607630341871
Siderite 2,LS + resposta (1 padrão),Mg,5821.418129827678,12.200345934684023,3.57,8.630345934684023
Siderite 2,LS + resposta (1 padrão),Fe,5821.418129827678,72.880976055158,83.53,10.649023944842
Siderite 2,LS + resposta (1 padrão),Mn,5821.418129827678,7.696013619744965,9.09,1.3939863802550345
Siderite 2,LS + resposta (1 padrão),Na,5821.418129827678,0.0955798764496977,0.04,0.0555798764496977
Siderite 2,LS + resposta (1 padrão),K,5821.418129827678,0.027443707360673926,0.1,0.07255629263932609
Siderite 2,LS + resposta (1 padrão),Sr,5821.418129827678,2.6092903521006554e-05,0.0,2.6092903521006554e-05
Siderite 2,LS + resposta (1 padrão),Al,5821.418129827678,7.083357222082768e-06,0.0,7.083357222082768e-06
Siderite 3,SBP (sem padrão),Ca,6979.906027415747,11.74988890139834,2.62,9.129888901398338
Siderite 3,SBP (sem padrão),Mg,6979.906027415747,18.493587814810738,7.55,10.943587814810737
Siderite 3,SBP (sem padrão),Fe,6979.906027415747,34.841121653088756,86.79,51.94887834691125
Siderite 3,SBP (sem padrão),Mn,6979.906027415747,33.4870796550824,1.91,31.577079655082397
Siderite 3,SBP (sem padrão),Na,6979.906027415747,0.9192110289810638,1.03,0.11078897101893626
Siderite 3,SBP (sem padrão),K,6979.906027415747,0.32300698462301347,0.09,0.23300698462301347
Siderite 3,SBP (sem padrão),Sr,6979.906027415747,0.07509673140147047,0.0,0.07509673140147047
Siderite 3,SBP (sem padrão),Al,6979.906027415747,0.11100723061420333,0.0,0.11100723061420333
Siderite 3,SBP + ponto único,Ca,6983.769112469781,28.339995654095258,2.62,25.719995654095257
Siderite 3,SBP + ponto único,Mg,6983.769112469781,22.833560324023114,7.55,15.283560324023114
Siderite 3,SBP + ponto único,Fe,6983.769112469781,45.37618970945901,86.79,41.413810290540994
Siderite 3,SBP + ponto único,Mn,6983.769112469781,3.215041434563365,1.91,1.3050414345633652
Siderite 3,SBP + ponto único,Na,6983.769112469781,0.11962746121967412,1.03,0.9103725387803259
Siderite 3,SBP + ponto único,K,6983.769112469781,0.10121909553279324,0.09,0.011219095532793238
Siderite 3,SBP + ponto único,Sr,6983.769112469781,0.0,0.0,0.0
Siderite 3,SBP + ponto único,Al,6983.769112469781,0.014366321106769326,0.0,0.014366321106769326
Siderite 3,LS (sem padrão),Ca,3170.588596144883,0.03859566061368218,2.62,2.5814043393863177
Siderite 3,LS (sem padrão),Mg,3170.588596144883,90.7130166874003,7.55,83.1630166874003
Siderite 3,LS (sem padrão),Fe,3170.588596144883,9.10637393144944,86.79,77.68362606855057
Siderite 3,LS (sem padrão),Mn,3170.588596144883,0.1416316113849085,1.91,1.7683683886150914
Siderite 3,LS (sem padrão),Na,3170.588596144883,0.00035993198756541743,1.03,1.0296400680124347
Siderite 3,LS (sem padrão),K,3170.588596144883,1.459246050789558e-07,0.09,0.08999985407539492
Siderite 3,LS (sem padrão),Sr,3170.588596144883,2.1930535156692976e-05,0.0,2.1930535156692976e-05
Siderite 3,LS (sem padrão),Al,3170.588596144883,1.0070432488210101e-07,0.0,1.0070432488210101e-07
Siderite 3,LS + resposta (1 padrão),Ca,5868.824815655475,3.702455783870621,2.62,1.0824557838706208
Siderite 3,LS + resposta (1 padrão),Mg,5868.824815655475,20.16798467915012,7.55,12.61798467915012
Siderite 3,LS + resposta (1 padrão),Fe,5868.824815655475,72.87216591350047,86.79,13.91783408649954
Siderite 3,LS + resposta (1 padrão),Mn,5868.824815655475,3.1933659250109723,1.91,1.2833659250109724
Siderite 3,LS + resposta (1 padrão),Na,5868.824815655475,0.06402118190646984,1.03,0.9659788180935301
Siderite 3,LS + resposta (1 padrão),K,5868.824815655475,1.5980188149742809e-06,0.09,0.08999840198118503
Siderite 3,LS + resposta (1 padrão),Sr,5868.824815655475,3.815622877916535e-06,0.0,3.815622877916535e-06
Siderite 3,LS + resposta (1 padrão),Al,5868.824815655475,1.1029196825692636e-06,0.0,1.1029196825692636e-06
