seed,algoritmo,chave,oxido,verdadeiro_wt,estimado_wt,erro_rel_%,classe,T_verdadeira,T_estimada,tempo_s,avaliacoes
0,MC-LIBS,mc,CaO,7.154441481290934,7.91489006534388,10.629041918108369,maior (>1%),10000.0,10031.554985980709,28.34669311599987,82000
0,MC-LIBS,mc,Al2O3,13.565303370425225,15.717771503802222,15.867452976169783,maior (>1%),10000.0,10031.554985980709,28.34669311599987,82000
0,MC-LIBS,mc,MgO,3.607365859246412,4.046593046976932,12.175842564033024,maior (>1%),10000.0,10031.554985980709,28.34669311599987,82000
0,MC-LIBS,mc,SiO2,54.361697210370714,63.69562831515452,17.17005094352196,maior (>1%),10000.0,10031.554985980709,28.34669311599987,82000
0,MC-LIBS,mc,Fe2O3,13.866754556434673,0.0004379192606471064,-99.99684194842517,maior (>1%),10000.0,10031.554985980709,28.34669311599987,82000
0,MC-LIBS,mc,MnO,0.1969481081928403,0.016087762457736493,-91.83147144425257,"menor (0,1–1%)",10000.0,10031.554985980709,28.34669311599987,82000
0,MC-LIBS,mc,TiO2,2.270932267937852,2.604927232364771,14.707394365848135,maior (>1%),10000.0,10031.554985980709,28.34669311599987,82000
0,MC-LIBS,mc,Cr2O3,0.0026125769454152284,0.0032894485186546365,25.908196672532068,"traço (<0,1%)",10000.0,10031.554985980709,28.34669311599987,82000
0,MC-LIBS,mc,Na2O,3.1752858259662005,3.591831470141996,13.118366881162448,maior (>1%),10000.0,10031.554985980709,28.34669311599987,82000
0,MC-LIBS,mc,K2O,1.7986587431897152,2.4085432359786294,33.90773792405746,maior (>1%),10000.0,10031.554985980709,28.34669311599987,82000
0,MC-LIBS + LS,mc_ls,CaO,7.154441481290934,7.060512547621754,-1.3128758396417963,maior (>1%),10000.0,9994.870776930458,12.469146284999852,42161
0,MC-LIBS + LS,mc_ls,Al2O3,13.565303370425225,13.468142528352717,-0.7162452576205278,maior (>1%),10000.0,9994.870776930458,12.469146284999852,42161
0,MC-LIBS + LS,mc_ls,MgO,3.607365859246412,3.597958134667654,-0.2607920833603255,maior (>1%),10000.0,9994.870776930458,12.469146284999852,42161
0,MC-LIBS + LS,mc_ls,SiO2,54.361697210370714,54.95558377660818,1.0924724515852093,maior (>1%),10000.0,9994.870776930458,12.469146284999852,42161
0,MC-LIBS + LS,mc_ls,Fe2O3,13.866754556434673,13.585054364046888,-2.0314788960987675,maior (>1%),10000.0,9994.870776930458,12.469146284999852,42161
0,MC-LIBS + LS,mc_ls,MnO,0.1969481081928403,0.1499493304223901,-23.8635334970731,"menor (0,1–1%)",10000.0,9994.870776930458,12.469146284999852,42161
0,MC-LIBS + LS,mc_ls,TiO2,2.270932267937852,2.2613758121961443,-0.4208164143259844,maior (>1%),10000.0,9994.870776930458,12.469146284999852,42161
0,MC-LIBS + LS,mc_ls,Cr2O3,0.0026125769454152284,0.00542772975001945,107.75387150010991,"traço (<0,1%)",10000.0,9994.870776930458,12.469146284999852,42161
0,MC-LIBS + LS,mc_ls,Na2O,3.1752858259662005,3.1335100570334293,-1.3156538095293917,maior (>1%),10000.0,9994.870776930458,12.469146284999852,42161
0,MC-LIBS + LS,mc_ls,K2O,1.7986587431897152,1.7824857193008068,-0.8991713380953741,maior (>1%),10000.0,9994.870776930458,12.469146284999852,42161
0,Recozimento simulado,sa,CaO,7.154441481290934,6.178100321566194,-13.6466440081717,maior (>1%),10000.0,10219.966704135106,23.90491609700007,15000
0,Recozimento simulado,sa,Al2O3,13.565303370425225,13.675074241969327,0.8092032190258417,maior (>1%),10000.0,10219.966704135106,23.90491609700007,15000
0,Recozimento simulado,sa,MgO,3.607365859246412,3.7321872236692117,3.460180344692714,maior (>1%),10000.0,10219.966704135106,23.90491609700007,15000
0,Recozimento simulado,sa,SiO2,54.361697210370714,54.62134813966898,0.47763580355753343,maior (>1%),10000.0,10219.966704135106,23.90491609700007,15000
0,Recozimento simulado,sa,Fe2O3,13.866754556434673,14.553812365663187,4.9547124125716575,maior (>1%),10000.0,10219.966704135106,23.90491609700007,15000
0,Recozimento simulado,sa,MnO,0.1969481081928403,0.008680140821511983,-95.5926762124504,"menor (0,1–1%)",10000.0,10219.966704135106,23.90491609700007,15000
0,Recozimento simulado,sa,TiO2,2.270932267937852,1.96171148246334,-13.616468876691945,maior (>1%),10000.0,10219.966704135106,23.90491609700007,15000
0,Recozimento simulado,sa,Cr2O3,0.0026125769454152284,0.0015604081615573971,-40.27321705124384,"traço (<0,1%)",10000.0,10219.966704135106,23.90491609700007,15000
0,Recozimento simulado,sa,Na2O,3.1752858259662005,3.3724263526814764,6.208591525938881,maior (>1%),10000.0,10219.966704135106,23.90491609700007,15000
0,Recozimento simulado,sa,K2O,1.7986587431897152,1.8950993233352047,5.3618053180262075,maior (>1%),10000.0,10219.966704135106,23.90491609700007,15000
0,Evolução diferencial,de,CaO,7.154441481290934,7.048105547858352,-1.4862925877673747,maior (>1%),10000.0,10151.937162443837,7.462527803999819,38656
0,Evolução diferencial,de,Al2O3,13.565303370425225,14.780148044200523,8.955528974190695,maior (>1%),10000.0,10151.937162443837,7.462527803999819,38656
0,Evolução diferencial,de,MgO,3.607365859246412,3.9718344925995455,10.103456305074417,maior (>1%),10000.0,10151.937162443837,7.462527803999819,38656
0,Evolução diferencial,de,SiO2,54.361697210370714,55.3751511364715,1.864279406470496,maior (>1%),10000.0,10151.937162443837,7.462527803999819,38656
0,Evolução diferencial,de,Fe2O3,13.866754556434673,12.222003750485005,-11.861108518621934,maior (>1%),10000.0,10151.937162443837,7.462527803999819,38656
0,Evolução diferencial,de,MnO,0.1969481081928403,0.0031428328693737183,-98.40423302452012,"menor (0,1–1%)",10000.0,10151.937162443837,7.462527803999819,38656
0,Evolução diferencial,de,TiO2,2.270932267937852,2.1467765193136454,-5.467170922580962,maior (>1%),10000.0,10151.937162443837,7.462527803999819,38656
0,Evolução diferencial,de,Cr2O3,0.0026125769454152284,0.00015463309629688986,-94.08120413187244,"traço (<0,1%)",10000.0,10151.937162443837,7.462527803999819,38656
0,Evolução diferencial,de,Na2O,3.1752858259662005,3.5218584300641695,10.914689986767137,maior (>1%),10000.0,10151.937162443837,7.462527803999819,38656
0,Evolução diferencial,de,K2O,1.7986587431897152,0.9308246130415825,-48.24895958913965,maior (>1%),10000.0,10151.937162443837,7.462527803999819,38656
0,Mínimos quadrados (TRF/LM),ls,CaO,7.154441481290934,7.0605174468578085,-1.312807361395563,maior (>1%),10000.0,9994.868872969824,1.1780783730000621,229
0,Mínimos quadrados (TRF/LM),ls,Al2O3,13.565303370425225,13.468135332867641,-0.7162983009243069,maior (>1%),10000.0,9994.868872969824,1.1780783730000621,229
0,Mínimos quadrados (TRF/LM),ls,MgO,3.607365859246412,3.59795616101911,-0.26084679498706814,maior (>1%),10000.0,9994.868872969824,1.1780783730000621,229
0,Mínimos quadrados (TRF/LM),ls,SiO2,54.361697210370714,54.95558805717763,1.0924803258232643,maior (>1%),10000.0,9994.868872969824,1.1780783730000621,229
0,Mínimos quadrados (TRF/LM),ls,Fe2O3,13.866754556434673,13.585039193731577,-2.0315882967177066,maior (>1%),10000.0,9994.868872969824,1.1780783730000621,229
0,Mínimos quadrados (TRF/LM),ls,MnO,0.1969481081928403,0.14990908334222808,-23.883968869888466,"menor (0,1–1%)",10000.0,9994.868872969824,1.1780783730000621,229
0,Mínimos quadrados (TRF/LM),ls,TiO2,2.270932267937852,2.2613780998945465,-0.4207156760329684,maior (>1%),10000.0,9994.868872969824,1.1780783730000621,229
0,Mínimos quadrados (TRF/LM),ls,Cr2O3,0.0026125769454152284,0.005497597185099989,110.42814431734303,"traço (<0,1%)",10000.0,9994.868872969824,1.1780783730000621,229
0,Mínimos quadrados (TRF/LM),ls,Na2O,3.1752858259662005,3.1335076118794216,-1.3157308153216805,maior (>1%),10000.0,9994.868872969824,1.1780783730000621,229
0,Mínimos quadrados (TRF/LM),ls,K2O,1.7986587431897152,1.7824714160449353,-0.8999665559723415,maior (>1%),10000.0,9994.868872969824,1.1780783730000621,229
0,Mínimos quadrados (5 partidas),ls_multi,CaO,7.154441481290934,7.060524213308533,-1.312712784470979,maior (>1%),10000.0,9994.871558586425,5.2999621720000505,1063
0,Mínimos quadrados (5 partidas),ls_multi,Al2O3,13.565303370425225,13.468172380689136,-0.7160251937148079,maior (>1%),10000.0,9994.871558586425,5.2999621720000505,1063
0,Mínimos quadrados (5 partidas),ls_multi,MgO,3.607365859246412,3.5979654810504775,-0.26058843385234526,maior (>1%),10000.0,9994.871558586425,5.2999621720000505,1063
0,Mínimos quadrados (5 partidas),ls_multi,SiO2,54.361697210370714,54.95571381587334,1.0927116627795461,maior (>1%),10000.0,9994.871558586425,5.2999621720000505,1063
0,Mínimos quadrados (5 partidas),ls_multi,Fe2O3,13.866754556434673,13.585090525550816,-2.0312181176752295,maior (>1%),10000.0,9994.871558586425,5.2999621720000505,1063
0,Mínimos quadrados (5 partidas),ls_multi,MnO,0.1969481081928403,0.14988326105167274,-23.897080085219386,"menor (0,1–1%)",10000.0,9994.871558586425,5.2999621720000505,1063
0,Mínimos quadrados (5 partidas),ls_multi,TiO2,2.270932267937852,2.261380468436717,-0.42061137780250885,maior (>1%),10000.0,9994.871558586425,5.2999621720000505,1063
0,Mínimos quadrados (5 partidas),ls_multi,Cr2O3,0.0026125769454152284,0.005274862241587962,101.90265595219073,"traço (<0,1%)",10000.0,9994.871558586425,5.2999621720000505,1063
0,Mínimos quadrados (5 partidas),ls_multi,Na2O,3.1752858259662005,3.1335156269485616,-1.3154783949230378,maior (>1%),10000.0,9994.871558586425,5.2999621720000505,1063
0,Mínimos quadrados (5 partidas),ls_multi,K2O,1.7986587431897152,1.7824793648491686,-0.8995246264366046,maior (>1%),10000.0,9994.871558586425,5.2999621720000505,1063
0,MCMC bayesiano,mcmc,CaO,7.154441481290934,7.0177436084522045,-1.9106714786360044,maior (>1%),10000.0,10003.44232829337,12.489540325999997,58790
0,MCMC bayesiano,mcmc,Al2O3,13.565303370425225,13.487645236843946,-0.5724762024164346,maior (>1%),10000.0,10003.44232829337,12.489540325999997,58790
0,MCMC bayesiano,mcmc,MgO,3.607365859246412,3.592574037975401,-0.41004494271343533,maior (>1%),10000.0,10003.44232829337,12.489540325999997,58790
0,MCMC bayesiano,mcmc,SiO2,54.361697210370714,54.951142258746586,1.084302144016618,maior (>1%),10000.0,10003.44232829337,12.489540325999997,58790
0,MCMC bayesiano,mcmc,Fe2O3,13.866754556434673,13.64329887419633,-1.6114490332177407,maior (>1%),10000.0,10003.44232829337,12.489540325999997,58790
0,MCMC bayesiano,mcmc,MnO,0.1969481081928403,0.11973406513333341,-39.20527278378491,"menor (0,1–1%)",10000.0,10003.44232829337,12.489540325999997,58790
0,MCMC bayesiano,mcmc,TiO2,2.270932267937852,2.2473238617214077,-1.039590944642406,maior (>1%),10000.0,10003.44232829337,12.489540325999997,58790
0,MCMC bayesiano,mcmc,Cr2O3,0.0026125769454152284,5.781286393980718e-05,-97.78713258412304,"traço (<0,1%)",10000.0,10003.44232829337,12.489540325999997,58790
0,MCMC bayesiano,mcmc,Na2O,3.1752858259662005,3.136520250772615,-1.2208530922342866,maior (>1%),10000.0,10003.44232829337,12.489540325999997,58790
0,MCMC bayesiano,mcmc,K2O,1.7986587431897152,1.803959993294236,0.2947335132132798,maior (>1%),10000.0,10003.44232829337,12.489540325999997,58790
0,Desmistura linear (NNLS),nnls,CaO,7.154441481290934,0.009258095226934488,-99.87059653431865,maior (>1%),10000.0,19713.476709253657,0.10812069799999335,38
0,Desmistura linear (NNLS),nnls,Al2O3,13.565303370425225,6.712103344437517,-50.52006460046373,maior (>1%),10000.0,19713.476709253657,0.10812069799999335,38
0,Desmistura linear (NNLS),nnls,MgO,3.607365859246412,3.011614982376103,-16.514844906658926,maior (>1%),10000.0,19713.476709253657,0.10812069799999335,38
0,Desmistura linear (NNLS),nnls,SiO2,54.361697210370714,50.89505234780287,-6.376998954157941,maior (>1%),10000.0,19713.476709253657,0.10812069799999335,38
0,Desmistura linear (NNLS),nnls,Fe2O3,13.866754556434673,35.671399997363665,157.24404259258236,maior (>1%),10000.0,19713.476709253657,0.10812069799999335,38
0,Desmistura linear (NNLS),nnls,MnO,0.1969481081928403,0.0005849985965685528,-99.70296815646701,"menor (0,1–1%)",10000.0,19713.476709253657,0.10812069799999335,38
0,Desmistura linear (NNLS),nnls,TiO2,2.270932267937852,0.029900067376036798,-98.68335714815537,maior (>1%),10000.0,19713.476709253657,0.10812069799999335,38
0,Desmistura linear (NNLS),nnls,Cr2O3,0.0026125769454152284,0.0,-100.00000000000001,"traço (<0,1%)",10000.0,19713.476709253657,0.10812069799999335,38
0,Desmistura linear (NNLS),nnls,Na2O,3.1752858259662005,2.160744260588265,-31.951188679816656,maior (>1%),10000.0,19713.476709253657,0.10812069799999335,38
0,Desmistura linear (NNLS),nnls,K2O,1.7986587431897152,1.5093419062320508,-16.085143335449732,maior (>1%),10000.0,19713.476709253657,0.10812069799999335,38
0,Desmistura linear (SVD),svd,CaO,7.154441481290934,0.009258095226936224,-99.87059653431862,maior (>1%),10000.0,19713.476709253617,0.10999159500011046,38
0,Desmistura linear (SVD),svd,Al2O3,13.565303370425225,6.712103344437515,-50.52006460046375,maior (>1%),10000.0,19713.476709253617,0.10999159500011046,38
0,Desmistura linear (SVD),svd,MgO,3.607365859246412,3.0116149823761043,-16.51484490665889,maior (>1%),10000.0,19713.476709253617,0.10999159500011046,38
0,Desmistura linear (SVD),svd,SiO2,54.361697210370714,50.895052347802896,-6.376998954157888,maior (>1%),10000.0,19713.476709253617,0.10999159500011046,38
0,Desmistura linear (SVD),svd,Fe2O3,13.866754556434673,35.671399997363615,157.24404259258202,maior (>1%),10000.0,19713.476709253617,0.10999159500011046,38
0,Desmistura linear (SVD),svd,MnO,0.1969481081928403,0.000584998596568568,-99.702968156467,"menor (0,1–1%)",10000.0,19713.476709253617,0.10999159500011046,38
0,Desmistura linear (SVD),svd,TiO2,2.270932267937852,0.029900067376037055,-98.68335714815537,maior (>1%),10000.0,19713.476709253617,0.10999159500011046,38
0,Desmistura linear (SVD),svd,Cr2O3,0.0026125769454152284,0.0,-100.00000000000001,"traço (<0,1%)",10000.0,19713.476709253617,0.10999159500011046,38
0,Desmistura linear (SVD),svd,Na2O,3.1752858259662005,2.1607442605882667,-31.9511886798166,maior (>1%),10000.0,19713.476709253617,0.10999159500011046,38
0,Desmistura linear (SVD),svd,K2O,1.7986587431897152,1.5093419062320512,-16.085143335449708,maior (>1%),10000.0,19713.476709253617,0.10999159500011046,38
0,CF-LIBS (Saha-Boltzmann),sbp,CaO,7.154441481290934,5.737667136454327,-19.80272462276072,maior (>1%),10000.0,9502.539879449861,0.004640304000076867,0
0,CF-LIBS (Saha-Boltzmann),sbp,Al2O3,13.565303370425225,8.753768066710478,-35.46942646490863,maior (>1%),10000.0,9502.539879449861,0.004640304000076867,0
0,CF-LIBS (Saha-Boltzmann),sbp,MgO,3.607365859246412,4.160831458236287,15.342652245023341,maior (>1%),10000.0,9502.539879449861,0.004640304000076867,0
0,CF-LIBS (Saha-Boltzmann),sbp,SiO2,54.361697210370714,59.59325136853953,9.623603431518292,maior (>1%),10000.0,9502.539879449861,0.004640304000076867,0
0,CF-LIBS (Saha-Boltzmann),sbp,Fe2O3,13.866754556434673,13.36594448034221,-3.6115882346822783,maior (>1%),10000.0,9502.539879449861,0.004640304000076867,0
0,CF-LIBS (Saha-Boltzmann),sbp,MnO,0.1969481081928403,1.4060456802032961,613.9168246422437,"menor (0,1–1%)",10000.0,9502.539879449861,0.004640304000076867,0
0,CF-LIBS (Saha-Boltzmann),sbp,TiO2,2.270932267937852,3.071113517365042,35.235804287276444,maior (>1%),10000.0,9502.539879449861,0.004640304000076867,0
0,CF-LIBS (Saha-Boltzmann),sbp,Cr2O3,0.0026125769454152284,0.0,-100.00000000000001,"traço (<0,1%)",10000.0,9502.539879449861,0.004640304000076867,0
0,CF-LIBS (Saha-Boltzmann),sbp,Na2O,3.1752858259662005,2.0055234115558744,-36.83959424516946,maior (>1%),10000.0,9502.539879449861,0.004640304000076867,0
0,CF-LIBS (Saha-Boltzmann),sbp,K2O,1.7986587431897152,1.9058548805929587,5.959781854624822,maior (>1%),10000.0,9502.539879449861,0.004640304000076867,0
0,"CF-LIBS (SBP, sem ressonância)",sbp_nores,CaO,7.154441481290934,8.629203705922661,20.613240439358854,maior (>1%),10000.0,9713.977064411423,0.00279133300000467,0
0,"CF-LIBS (SBP, sem ressonância)",sbp_nores,Al2O3,13.565303370425225,0.0,-100.0,maior (>1%),10000.0,9713.977064411423,0.00279133300000467,0
0,"CF-LIBS (SBP, sem ressonância)",sbp_nores,MgO,3.607365859246412,5.044867766511534,39.84907445915175,maior (>1%),10000.0,9713.977064411423,0.00279133300000467,0
0,"CF-LIBS (SBP, sem ressonância)",sbp_nores,SiO2,54.361697210370714,67.85920166451064,24.829071104801653,maior (>1%),10000.0,9713.977064411423,0.00279133300000467,0
0,"CF-LIBS (SBP, sem ressonância)",sbp_nores,Fe2O3,13.866754556434673,14.36802429778547,3.61490310736184,maior (>1%),10000.0,9713.977064411423,0.00279133300000467,0
0,"CF-LIBS (SBP, sem ressonância)",sbp_nores,MnO,0.1969481081928403,0.0,-99.99999999999999,"menor (0,1–1%)",10000.0,9713.977064411423,0.00279133300000467,0
0,"CF-LIBS (SBP, sem ressonância)",sbp_nores,TiO2,2.270932267937852,4.0987025652697,80.48546066904835,maior (>1%),10000.0,9713.977064411423,0.00279133300000467,0
0,"CF-LIBS (SBP, sem ressonância)",sbp_nores,Cr2O3,0.0026125769454152284,0.0,-100.00000000000001,"traço (<0,1%)",10000.0,9713.977064411423,0.00279133300000467,0
0,"CF-LIBS (SBP, sem ressonância)",sbp_nores,Na2O,3.1752858259662005,0.0,-100.0,maior (>1%),10000.0,9713.977064411423,0.00279133300000467,0
0,"CF-LIBS (SBP, sem ressonância)",sbp_nores,K2O,1.7986587431897152,0.0,-100.0,maior (>1%),10000.0,9713.977064411423,0.00279133300000467,0
0,Ponto único (Cavalcanti),one_point,CaO,7.154441481290934,6.197279346669895,-13.378572417204671,maior (>1%),10000.0,9344.386028835697,0.004249593999929857,0
0,Ponto único (Cavalcanti),one_point,Al2O3,13.565303370425225,15.126139215814053,11.506088752808346,maior (>1%),10000.0,9344.386028835697,0.004249593999929857,0
0,Ponto único (Cavalcanti),one_point,MgO,3.607365859246412,7.539232391713787,108.99550214429185,maior (>1%),10000.0,9344.386028835697,0.004249593999929857,0
0,Ponto único (Cavalcanti),one_point,SiO2,54.361697210370714,51.14159693489841,-5.923472666813645,maior (>1%),10000.0,9344.386028835697,0.004249593999929857,0
0,Ponto único (Cavalcanti),one_point,Fe2O3,13.866754556434673,12.020834612208427,-13.311838301556095,maior (>1%),10000.0,9344.386028835697,0.004249593999929857,0
0,Ponto único (Cavalcanti),one_point,MnO,0.1969481081928403,0.12999474382389786,-33.99543411881141,"menor (0,1–1%)",10000.0,9344.386028835697,0.004249593999929857,0
0,Ponto único (Cavalcanti),one_point,TiO2,2.270932267937852,2.144332147410272,-5.574808298555772,maior (>1%),10000.0,9344.386028835697,0.004249593999929857,0
0,Ponto único (Cavalcanti),one_point,Cr2O3,0.0026125769454152284,0.0,-100.00000000000001,"traço (<0,1%)",10000.0,9344.386028835697,0.004249593999929857,0
0,Ponto único (Cavalcanti),one_point,Na2O,3.1752858259662005,3.428725085467867,7.981620345140051,maior (>1%),10000.0,9344.386028835697,0.004249593999929857,0
0,Ponto único (Cavalcanti),one_point,K2O,1.7986587431897152,2.2718655219934103,26.30886935030917,maior (>1%),10000.0,9344.386028835697,0.004249593999929857,0
0,ML: PLS,ml_pls,CaO,7.154441481290934,7.366562434533764,2.9648848732292015,maior (>1%),10000.0,10024.627169825644,3.916291423000075,1500
0,ML: PLS,ml_pls,Al2O3,13.565303370425225,13.475535359690756,-0.661747166894763,maior (>1%),10000.0,10024.627169825644,3.916291423000075,1500
0,ML: PLS,ml_pls,MgO,3.607365859246412,2.9256605913154146,-18.897591609225003,maior (>1%),10000.0,10024.627169825644,3.916291423000075,1500
0,ML: PLS,ml_pls,SiO2,54.361697210370714,55.27143207166915,1.6734850234309584,maior (>1%),10000.0,10024.627169825644,3.916291423000075,1500
0,ML: PLS,ml_pls,Fe2O3,13.866754556434673,12.725955664001647,-8.226862946122125,maior (>1%),10000.0,10024.627169825644,3.916291423000075,1500
0,ML: PLS,ml_pls,MnO,0.1969481081928403,0.1712846345835576,-13.030576350677354,"menor (0,1–1%)",10000.0,10024.627169825644,3.916291423000075,1500
0,ML: PLS,ml_pls,TiO2,2.270932267937852,2.269470478927509,-0.06436955566581529,maior (>1%),10000.0,10024.627169825644,3.916291423000075,1500
0,ML: PLS,ml_pls,Cr2O3,0.0026125769454152284,0.0033662485471652073,28.84782410227518,"traço (<0,1%)",10000.0,10024.627169825644,3.916291423000075,1500
0,ML: PLS,ml_pls,Na2O,3.1752858259662005,3.2542985352601286,2.4883652566894674,maior (>1%),10000.0,10024.627169825644,3.916291423000075,1500
0,ML: PLS,ml_pls,K2O,1.7986587431897152,2.536433981470912,41.01807755777156,maior (>1%),10000.0,10024.627169825644,3.916291423000075,1500
0,ML: PCA+Ridge,ml_ridge,CaO,7.154441481290934,7.228181093675419,1.0306830040795818,maior (>1%),10000.0,9929.85873182085,2.816438240000025,1500
0,ML: PCA+Ridge,ml_ridge,Al2O3,13.565303370425225,11.900863380367817,-12.269832414409423,maior (>1%),10000.0,9929.85873182085,2.816438240000025,1500
0,ML: PCA+Ridge,ml_ridge,MgO,3.607365859246412,3.337829201417655,-7.471841458439253,maior (>1%),10000.0,9929.85873182085,2.816438240000025,1500
0,ML: PCA+Ridge,ml_ridge,SiO2,54.361697210370714,55.234419162746505,1.605398648608233,maior (>1%),10000.0,9929.85873182085,2.816438240000025,1500
0,ML: PCA+Ridge,ml_ridge,Fe2O3,13.866754556434673,14.813047836265326,6.82418713030108,maior (>1%),10000.0,9929.85873182085,2.816438240000025,1500
0,ML: PCA+Ridge,ml_ridge,MnO,0.1969481081928403,0.19342509437095723,-1.7888030782370081,"menor (0,1–1%)",10000.0,9929.85873182085,2.816438240000025,1500
0,ML: PCA+Ridge,ml_ridge,TiO2,2.270932267937852,2.2736263077410896,0.11863144670906124,maior (>1%),10000.0,9929.85873182085,2.816438240000025,1500
0,ML: PCA+Ridge,ml_ridge,Cr2O3,0.0026125769454152284,0.0028016798421302874,7.238175206548951,"traço (<0,1%)",10000.0,9929.85873182085,2.816438240000025,1500
0,ML: PCA+Ridge,ml_ridge,Na2O,3.1752858259662005,2.9201097263124423,-8.036319047785604,maior (>1%),10000.0,9929.85873182085,2.816438240000025,1500
0,ML: PCA+Ridge,ml_ridge,K2O,1.7986587431897152,2.095696517260656,16.514404146735373,maior (>1%),10000.0,9929.85873182085,2.816438240000025,1500
0,ML: Random Forest,ml_rf,CaO,7.154441481290934,7.5677671601415915,5.7771900145038035,maior (>1%),10000.0,9438.911358773305,4.052944015000094,1500
0,ML: Random Forest,ml_rf,Al2O3,13.565303370425225,11.109484083731116,-18.103681278873804,maior (>1%),10000.0,9438.911358773305,4.052944015000094,1500
0,ML: Random Forest,ml_rf,MgO,3.607365859246412,3.6799746583714685,2.012792767857063,maior (>1%),10000.0,9438.911358773305,4.052944015000094,1500
0,ML: Random Forest,ml_rf,SiO2,54.361697210370714,52.11081181217692,-4.14057233990183,maior (>1%),10000.0,9438.911358773305,4.052944015000094,1500
0,ML: Random Forest,ml_rf,Fe2O3,13.866754556434673,17.39965406111786,25.47747917730177,maior (>1%),10000.0,9438.911358773305,4.052944015000094,1500
0,ML: Random Forest,ml_rf,MnO,0.1969481081928403,0.22421105875849226,13.842707511035156,"menor (0,1–1%)",10000.0,9438.911358773305,4.052944015000094,1500
0,ML: Random Forest,ml_rf,TiO2,2.270932267937852,2.9469324916939748,29.767520295529245,maior (>1%),10000.0,9438.911358773305,4.052944015000094,1500
0,ML: Random Forest,ml_rf,Cr2O3,0.0026125769454152284,0.002969991223739037,13.680526384152216,"traço (<0,1%)",10000.0,9438.911358773305,4.052944015000094,1500
0,ML: Random Forest,ml_rf,Na2O,3.1752858259662005,2.9576616685245063,-6.853687175562339,maior (>1%),10000.0,9438.911358773305,4.052944015000094,1500
0,ML: Random Forest,ml_rf,K2O,1.7986587431897152,2.000533014260335,11.223600465345582,maior (>1%),10000.0,9438.911358773305,4.052944015000094,1500
0,ML: Rede neural (MLP),ml_mlp,CaO,7.154441481290934,6.25469112631116,-12.576108943411532,maior (>1%),10000.0,9629.880248799222,4.282690035000087,1500
0,ML: Rede neural (MLP),ml_mlp,Al2O3,13.565303370425225,9.027975405522325,-33.44803902281377,maior (>1%),10000.0,9629.880248799222,4.282690035000087,1500
0,ML: Rede neural (MLP),ml_mlp,MgO,3.607365859246412,2.811523634826749,-22.061588856582354,maior (>1%),10000.0,9629.880248799222,4.282690035000087,1500
0,ML: Rede neural (MLP),ml_mlp,SiO2,54.361697210370714,61.277555071715604,12.721931463216961,maior (>1%),10000.0,9629.880248799222,4.282690035000087,1500
0,ML: Rede neural (MLP),ml_mlp,Fe2O3,13.866754556434673,13.649488478117052,-1.566812749395654,maior (>1%),10000.0,9629.880248799222,4.282690035000087,1500
0,ML: Rede neural (MLP),ml_mlp,MnO,0.1969481081928403,0.15658413756156833,-20.494723712578082,"menor (0,1–1%)",10000.0,9629.880248799222,4.282690035000087,1500
0,ML: Rede neural (MLP),ml_mlp,TiO2,2.270932267937852,1.9315951388582204,-14.942635404435503,maior (>1%),10000.0,9629.880248799222,4.282690035000087,1500
0,ML: Rede neural (MLP),ml_mlp,Cr2O3,0.0026125769454152284,0.0023714391826972973,-9.229881751084886,"traço (<0,1%)",10000.0,9629.880248799222,4.282690035000087,1500
0,ML: Rede neural (MLP),ml_mlp,Na2O,3.1752858259662005,2.4020548997103535,-24.351537739773786,maior (>1%),10000.0,9629.880248799222,4.282690035000087,1500
0,ML: Rede neural (MLP),ml_mlp,K2O,1.7986587431897152,2.4861606681942807,38.2230330021002,maior (>1%),10000.0,9629.880248799222,4.282690035000087,1500
1,MC-LIBS,mc,CaO,7.154441481290934,27.480425763972246,284.10301958349,maior (>1%),10000.0,9995.923091221133,21.9936163939999,82000
1,MC-LIBS,mc,Al2O3,13.565303370425225,51.973574010720924,283.1360979661727,maior (>1%),10000.0,9995.923091221133,21.9936163939999,82000
1,MC-LIBS,mc,MgO,3.607365859246412,0.001690487126621995,-99.95313790747647,maior (>1%),10000.0,9995.923091221133,21.9936163939999,82000
1,MC-LIBS,mc,SiO2,54.361697210370714,0.009825940157467192,-99.98192488339824,maior (>1%),10000.0,9995.923091221133,21.9936163939999,82000
1,MC-LIBS,mc,Fe2O3,13.866754556434673,0.04983137239112667,-99.64064141909829,maior (>1%),10000.0,9995.923091221133,21.9936163939999,82000
1,MC-LIBS,mc,MnO,0.1969481081928403,6.683251975442625e-06,-99.99660659244874,"menor (0,1–1%)",10000.0,9995.923091221133,21.9936163939999,82000
1,MC-LIBS,mc,TiO2,2.270932267937852,8.5664143702909,277.22016157134175,maior (>1%),10000.0,9995.923091221133,21.9936163939999,82000
1,MC-LIBS,mc,Cr2O3,0.0026125769454152284,0.017782757806683456,580.6596773308494,"traço (<0,1%)",10000.0,9995.923091221133,21.9936163939999,82000
1,MC-LIBS,mc,Na2O,3.1752858259662005,11.899165789921362,274.7431394243254,maior (>1%),10000.0,9995.923091221133,21.9936163939999,82000
1,MC-LIBS,mc,K2O,1.7986587431897152,0.0012828243606906955,-99.92867883551853,maior (>1%),10000.0,9995.923091221133,21.9936163939999,82000
1,MC-LIBS + LS,mc_ls,CaO,7.154441481290934,7.302168458049767,2.0648289198415224,maior (>1%),10000.0,9994.917005109766,14.696974747000013,42268
1,MC-LIBS + LS,mc_ls,Al2O3,13.565303370425225,13.758588098601722,1.424846337000411,maior (>1%),10000.0,9994.917005109766,14.696974747000013,42268
1,MC-LIBS + LS,mc_ls,MgO,3.607365859246412,3.7227066913020175,3.197369952370191,maior (>1%),10000.0,9994.917005109766,14.696974747000013,42268
1,MC-LIBS + LS,mc_ls,SiO2,54.361697210370714,53.98237739370035,-0.6977703716689768,maior (>1%),10000.0,9994.917005109766,14.696974747000013,42268
1,MC-LIBS + LS,mc_ls,Fe2O3,13.866754556434673,13.887246236367726,0.14777560134678233,maior (>1%),10000.0,9994.917005109766,14.696974747000013,42268
1,MC-LIBS + LS,mc_ls,MnO,0.1969481081928403,0.17987087285329484,-8.670931392153522,"menor (0,1–1%)",10000.0,9994.917005109766,14.696974747000013,42268
1,MC-LIBS + LS,mc_ls,TiO2,2.270932267937852,2.316847747330711,2.0218779767726507,maior (>1%),10000.0,9994.917005109766,14.696974747000013,42268
1,MC-LIBS + LS,mc_ls,Cr2O3,0.0026125769454152284,0.02762536107227552,957.398945541292,"traço (<0,1%)",10000.0,9994.917005109766,14.696974747000013,42268
1,MC-LIBS + LS,mc_ls,Na2O,3.1752858259662005,3.1336883208316353,-1.3100397071154235,maior (>1%),10000.0,9994.917005109766,14.696974747000013,42268
1,MC-LIBS + LS,mc_ls,K2O,1.7986587431897152,1.6888808198904999,-6.103321361813011,maior (>1%),10000.0,9994.917005109766,14.696974747000013,42268
1,Recozimento simulado,sa,CaO,7.154441481290934,3.981955225788926,-44.34289194758457,maior (>1%),10000.0,11011.611397878323,32.90021174100002,15122
1,Recozimento simulado,sa,Al2O3,13.565303370425225,14.276193607912177,5.240503791731035,maior (>1%),10000.0,11011.611397878323,32.90021174100002,15122
1,Recozimento simulado,sa,MgO,3.607365859246412,4.108887420431609,13.902708534530678,maior (>1%),10000.0,11011.611397878323,32.90021174100002,15122
1,Recozimento simulado,sa,SiO2,54.361697210370714,54.30278967576185,-0.1083622065383667,maior (>1%),10000.0,11011.611397878323,32.90021174100002,15122
1,Recozimento simulado,sa,Fe2O3,13.866754556434673,17.976471724061593,29.63719557378236,maior (>1%),10000.0,11011.611397878323,32.90021174100002,15122
1,Recozimento simulado,sa,MnO,0.1969481081928403,0.012050083066315163,-93.88159491508473,"menor (0,1–1%)",10000.0,11011.611397878323,32.90021174100002,15122
1,Recozimento simulado,sa,TiO2,2.270932267937852,1.2284230325440488,-45.90666353692999,maior (>1%),10000.0,11011.611397878323,32.90021174100002,15122
1,Recozimento simulado,sa,Cr2O3,0.0026125769454152284,0.0851959506342716,3160.9929741507012,"traço (<0,1%)",10000.0,11011.611397878323,32.90021174100002,15122
1,Recozimento simulado,sa,Na2O,3.1752858259662005,4.026219896894573,26.798660579459607,maior (>1%),10000.0,11011.611397878323,32.90021174100002,15122
1,Recozimento simulado,sa,K2O,1.7986587431897152,0.0018133829046314298,-99.89918138104309,maior (>1%),10000.0,11011.611397878323,32.90021174100002,15122
1,Evolução diferencial,de,CaO,7.154441481290934,7.171944011858449,0.24463867114274704,maior (>1%),10000.0,10034.756241053208,6.616840943999932,38656
1,Evolução diferencial,de,Al2O3,13.565303370425225,13.825350772284047,1.9170039530835081,maior (>1%),10000.0,10034.756241053208,6.616840943999932,38656
1,Evolução diferencial,de,MgO,3.607365859246412,3.147867065192561,-12.737792948726346,maior (>1%),10000.0,10034.756241053208,6.616840943999932,38656
1,Evolução diferencial,de,SiO2,54.361697210370714,55.33337834613011,1.7874370846060097,maior (>1%),10000.0,10034.756241053208,6.616840943999932,38656
1,Evolução diferencial,de,Fe2O3,13.866754556434673,14.117349968108485,1.8071669953769158,maior (>1%),10000.0,10034.756241053208,6.616840943999932,38656
1,Evolução diferencial,de,MnO,0.1969481081928403,0.004669097398650014,-97.62927532460566,"menor (0,1–1%)",10000.0,10034.756241053208,6.616840943999932,38656
1,Evolução diferencial,de,TiO2,2.270932267937852,2.368805301026995,4.309817358754502,maior (>1%),10000.0,10034.756241053208,6.616840943999932,38656
1,Evolução diferencial,de,Cr2O3,0.0026125769454152284,0.0006876560798223829,-73.67901140561084,"traço (<0,1%)",10000.0,10034.756241053208,6.616840943999932,38656
1,Evolução diferencial,de,Na2O,3.1752858259662005,3.17471688010469,-0.01791794164977974,maior (>1%),10000.0,10034.756241053208,6.616840943999932,38656
1,Evolução diferencial,de,K2O,1.7986587431897152,0.8552309018161837,-52.451741885204434,maior (>1%),10000.0,10034.756241053208,6.616840943999932,38656
1,Mínimos quadrados (TRF/LM),ls,CaO,7.154441481290934,7.302097972764111,2.0638437236408063,maior (>1%),10000.0,9994.926418388659,1.1824161800000184,219
1,Mínimos quadrados (TRF/LM),ls,Al2O3,13.565303370425225,13.758544463342291,1.4245246688575093,maior (>1%),10000.0,9994.926418388659,1.1824161800000184,219
1,Mínimos quadrados (TRF/LM),ls,MgO,3.607365859246412,3.722714057628537,3.1975741547385352,maior (>1%),10000.0,9994.926418388659,1.1824161800000184,219
1,Mínimos quadrados (TRF/LM),ls,SiO2,54.361697210370714,53.982223645344966,-0.6980531964578818,maior (>1%),10000.0,9994.926418388659,1.1824161800000184,219
1,Mínimos quadrados (TRF/LM),ls,Fe2O3,13.866754556434673,13.887297892163623,0.14814811674457415,maior (>1%),10000.0,9994.926418388659,1.1824161800000184,219
1,Mínimos quadrados (TRF/LM),ls,MnO,0.1969481081928403,0.1800055108012242,-8.602569248863707,"menor (0,1–1%)",10000.0,9994.926418388659,1.1824161800000184,219
1,Mínimos quadrados (TRF/LM),ls,TiO2,2.270932267937852,2.316824605341197,2.0208589243843096,maior (>1%),10000.0,9994.926418388659,1.1824161800000184,219
1,Mínimos quadrados (TRF/LM),ls,Cr2O3,0.0026125769454152284,0.027694303363754707,960.0378072062152,"traço (<0,1%)",10000.0,9994.926418388659,1.1824161800000184,219
1,Mínimos quadrados (TRF/LM),ls,Na2O,3.1752858259662005,3.1336896960675418,-1.3099963964976757,maior (>1%),10000.0,9994.926418388659,1.1824161800000184,219
1,Mínimos quadrados (TRF/LM),ls,K2O,1.7986587431897152,1.6889078531827724,-6.101818392315609,maior (>1%),10000.0,9994.926418388659,1.1824161800000184,219
1,Mínimos quadrados (5 partidas),ls_multi,CaO,7.154441481290934,7.302111717923118,2.064035844284233,maior (>1%),10000.0,9994.925494216986,5.218729534000204,1015
1,Mínimos quadrados (5 partidas),ls_multi,Al2O3,13.565303370425225,13.758559125956728,1.4246327579583278,maior (>1%),10000.0,9994.925494216986,5.218729534000204,1015
1,Mínimos quadrados (5 partidas),ls_multi,MgO,3.607365859246412,3.7227134163095443,3.1975563766972277,maior (>1%),10000.0,9994.925494216986,5.218729534000204,1015
1,Mínimos quadrados (5 partidas),ls_multi,SiO2,54.361697210370714,53.98224284111119,-0.6980178852604652,maior (>1%),10000.0,9994.925494216986,5.218729534000204,1015
1,Mínimos quadrados (5 partidas),ls_multi,Fe2O3,13.866754556434673,13.88729124738153,0.14810019794665788,maior (>1%),10000.0,9994.925494216986,5.218729534000204,1015
1,Mínimos quadrados (5 partidas),ls_multi,MnO,0.1969481081928403,0.17998410743421323,-8.613436764783192,"menor (0,1–1%)",10000.0,9994.925494216986,5.218729534000204,1015
1,Mínimos quadrados (5 partidas),ls_multi,TiO2,2.270932267937852,2.3168276729061805,2.020994003929687,maior (>1%),10000.0,9994.925494216986,5.218729534000204,1015
1,Mínimos quadrados (5 partidas),ls_multi,Cr2O3,0.0026125769454152284,0.02767372984755949,959.2503273874363,"traço (<0,1%)",10000.0,9994.925494216986,5.218729534000204,1015
1,Mínimos quadrados (5 partidas),ls_multi,Na2O,3.1752858259662005,3.133691162548122,-1.3099502122906324,maior (>1%),10000.0,9994.925494216986,5.218729534000204,1015
1,Mínimos quadrados (5 partidas),ls_multi,K2O,1.7986587431897152,1.688904978581826,-6.101978211456249,maior (>1%),10000.0,9994.925494216986,5.218729534000204,1015
1,MCMC bayesiano,mcmc,CaO,7.154441481290934,7.329413966607374,2.4456484237658342,maior (>1%),10000.0,9988.319830282759,12.683163493999928,60115
1,MCMC bayesiano,mcmc,Al2O3,13.565303370425225,13.737859413308334,1.2720396895753296,maior (>1%),10000.0,9988.319830282759,12.683163493999928,60115
1,MCMC bayesiano,mcmc,MgO,3.607365859246412,3.7643116455246606,4.350703322092065,maior (>1%),10000.0,9988.319830282759,12.683163493999928,60115
1,MCMC bayesiano,mcmc,SiO2,54.361697210370714,54.04213971508734,-0.5878357587820379,maior (>1%),10000.0,9988.319830282759,12.683163493999928,60115
1,MCMC bayesiano,mcmc,Fe2O3,13.866754556434673,13.841421506204309,-0.18268910816344008,maior (>1%),10000.0,9988.319830282759,12.683163493999928,60115
1,MCMC bayesiano,mcmc,MnO,0.1969481081928403,0.1413746399409869,-28.217315089637243,"menor (0,1–1%)",10000.0,9988.319830282759,12.683163493999928,60115
1,MCMC bayesiano,mcmc,TiO2,2.270932267937852,2.32039951216199,2.1782791553293253,maior (>1%),10000.0,9988.319830282759,12.683163493999928,60115
1,MCMC bayesiano,mcmc,Cr2O3,0.0026125769454152284,0.00016049727776652254,-93.85674446648638,"traço (<0,1%)",10000.0,9988.319830282759,12.683163493999928,60115
1,MCMC bayesiano,mcmc,Na2O,3.1752858259662005,3.12393425088904,-1.617226854263894,maior (>1%),10000.0,9988.319830282759,12.683163493999928,60115
1,MCMC bayesiano,mcmc,K2O,1.7986587431897152,1.698984852998212,-5.541567602464883,maior (>1%),10000.0,9988.319830282759,12.683163493999928,60115
1,Desmistura linear (NNLS),nnls,CaO,7.154441481290934,0.00950657525114755,-99.86712344665888,maior (>1%),10000.0,19703.544999956302,0.12337739400004466,38
1,Desmistura linear (NNLS),nnls,Al2O3,13.565303370425225,6.843984218819058,-49.54787200896545,maior (>1%),10000.0,19703.544999956302,0.12337739400004466,38
1,Desmistura linear (NNLS),nnls,MgO,3.607365859246412,3.1758155565386756,-11.963031185250733,maior (>1%),10000.0,19703.544999956302,0.12337739400004466,38
1,Desmistura linear (NNLS),nnls,SiO2,54.361697210370714,50.165993912133246,-7.718124182180692,maior (>1%),10000.0,19703.544999956302,0.12337739400004466,38
1,Desmistura linear (NNLS),nnls,Fe2O3,13.866754556434673,36.116781520841904,160.45590822174336,maior (>1%),10000.0,19703.544999956302,0.12337739400004466,38
1,Desmistura linear (NNLS),nnls,MnO,0.1969481081928403,0.0011070491133588656,-99.43789807197594,"menor (0,1–1%)",10000.0,19703.544999956302,0.12337739400004466,38
1,Desmistura linear (NNLS),nnls,TiO2,2.270932267937852,0.0306472158807315,-98.65045662904947,maior (>1%),10000.0,19703.544999956302,0.12337739400004466,38
1,Desmistura linear (NNLS),nnls,Cr2O3,0.0026125769454152284,0.0,-100.00000000000001,"traço (<0,1%)",10000.0,19703.544999956302,0.12337739400004466,38
1,Desmistura linear (NNLS),nnls,Na2O,3.1752858259662005,2.176174096852415,-31.465253330690885,maior (>1%),10000.0,19703.544999956302,0.12337739400004466,38
1,Desmistura linear (NNLS),nnls,K2O,1.7986587431897152,1.4799898545694887,-17.71702885979937,maior (>1%),10000.0,19703.544999956302,0.12337739400004466,38
1,Desmistura linear (SVD),svd,CaO,7.154441481290934,0.00950657525114637,-99.8671234466589,maior (>1%),10000.0,19703.54499995691,0.11079495900003167,38
1,Desmistura linear (SVD),svd,Al2O3,13.565303370425225,6.843984218818924,-49.54787200896644,maior (>1%),10000.0,19703.54499995691,0.11079495900003167,38
1,Desmistura linear (SVD),svd,MgO,3.607365859246412,3.175815556538594,-11.963031185252998,maior (>1%),10000.0,19703.54499995691,0.11079495900003167,38
1,Desmistura linear (SVD),svd,SiO2,54.361697210370714,50.16599391213281,-7.718124182181489,maior (>1%),10000.0,19703.54499995691,0.11079495900003167,38
1,Desmistura linear (SVD),svd,Fe2O3,13.866754556434673,36.11678152084262,160.45590822174853,maior (>1%),10000.0,19703.54499995691,0.11079495900003167,38
1,Desmistura linear (SVD),svd,MnO,0.1969481081928403,0.001107049113358669,-99.43789807197604,"menor (0,1–1%)",10000.0,19703.54499995691,0.11079495900003167,38
1,Desmistura linear (SVD),svd,TiO2,2.270932267937852,0.030647215880726525,-98.6504566290497,maior (>1%),10000.0,19703.54499995691,0.11079495900003167,38
1,Desmistura linear (SVD),svd,Cr2O3,0.0026125769454152284,0.0,-100.00000000000001,"traço (<0,1%)",10000.0,19703.54499995691,0.11079495900003167,38
1,Desmistura linear (SVD),svd,Na2O,3.1752858259662005,2.176174096852365,-31.465253330692462,maior (>1%),10000.0,19703.54499995691,0.11079495900003167,38
1,Desmistura linear (SVD),svd,K2O,1.7986587431897152,1.4799898545694474,-17.717028859801665,maior (>1%),10000.0,19703.54499995691,0.11079495900003167,38
1,CF-LIBS (Saha-Boltzmann),sbp,CaO,7.154441481290934,5.423291578116914,-24.196856004777246,maior (>1%),10000.0,9592.264059126119,0.004594205000103102,0
1,CF-LIBS (Saha-Boltzmann),sbp,Al2O3,13.565303370425225,8.854530039149473,-34.726634581177706,maior (>1%),10000.0,9592.264059126119,0.004594205000103102,0
1,CF-LIBS (Saha-Boltzmann),sbp,MgO,3.607365859246412,3.8842000362861326,7.674136415360766,maior (>1%),10000.0,9592.264059126119,0.004594205000103102,0
1,CF-LIBS (Saha-Boltzmann),sbp,SiO2,54.361697210370714,57.39918906172841,5.587558901266649,maior (>1%),10000.0,9592.264059126119,0.004594205000103102,0
1,CF-LIBS (Saha-Boltzmann),sbp,Fe2O3,13.866754556434673,13.55975014702278,-2.2139600738042264,maior (>1%),10000.0,9592.264059126119,0.004594205000103102,0
1,CF-LIBS (Saha-Boltzmann),sbp,MnO,0.1969481081928403,3.3749886969513496,1613.6436231450132,"menor (0,1–1%)",10000.0,9592.264059126119,0.004594205000103102,0
1,CF-LIBS (Saha-Boltzmann),sbp,TiO2,2.270932267937852,2.973279850020337,30.92772039036903,maior (>1%),10000.0,9592.264059126119,0.004594205000103102,0
1,CF-LIBS (Saha-Boltzmann),sbp,Cr2O3,0.0026125769454152284,0.7262585927771873,27698.553227367618,"traço (<0,1%)",10000.0,9592.264059126119,0.004594205000103102,0
1,CF-LIBS (Saha-Boltzmann),sbp,Na2O,3.1752858259662005,2.031863436828687,-36.01006182772803,maior (>1%),10000.0,9592.264059126119,0.004594205000103102,0
1,CF-LIBS (Saha-Boltzmann),sbp,K2O,1.7986587431897152,1.7726485611187477,-1.4460876566747412,maior (>1%),10000.0,9592.264059126119,0.004594205000103102,0
1,"CF-LIBS (SBP, sem ressonância)",sbp_nores,CaO,7.154441481290934,8.20310587323577,14.657529797219308,maior (>1%),10000.0,9726.662228174553,0.003080301999943913,0
1,"CF-LIBS (SBP, sem ressonância)",sbp_nores,Al2O3,13.565303370425225,0.0,-100.0,maior (>1%),10000.0,9726.662228174553,0.003080301999943913,0
1,"CF-LIBS (SBP, sem ressonância)",sbp_nores,MgO,3.607365859246412,4.469446266466312,23.897781396644657,maior (>1%),10000.0,9726.662228174553,0.003080301999943913,0
1,"CF-LIBS (SBP, sem ressonância)",sbp_nores,SiO2,54.361697210370714,63.58428551726115,16.965232470944674,maior (>1%),10000.0,9726.662228174553,0.003080301999943913,0
1,"CF-LIBS (SBP, sem ressonância)",sbp_nores,Fe2O3,13.866754556434673,16.192102416902582,16.769229245417517,maior (>1%),10000.0,9726.662228174553,0.003080301999943913,0
1,"CF-LIBS (SBP, sem ressonância)",sbp_nores,MnO,0.1969481081928403,3.8747450599157394,1867.3938965292375,"menor (0,1–1%)",10000.0,9726.662228174553,0.003080301999943913,0
1,"CF-LIBS (SBP, sem ressonância)",sbp_nores,TiO2,2.270932267937852,3.6763148662184606,61.88571178993302,maior (>1%),10000.0,9726.662228174553,0.003080301999943913,0
1,"CF-LIBS (SBP, sem ressonância)",sbp_nores,Cr2O3,0.0026125769454152284,0.0,-100.00000000000001,"traço (<0,1%)",10000.0,9726.662228174553,0.003080301999943913,0
1,"CF-LIBS (SBP, sem ressonância)",sbp_nores,Na2O,3.1752858259662005,0.0,-100.0,maior (>1%),10000.0,9726.662228174553,0.003080301999943913,0
1,"CF-LIBS (SBP, sem ressonância)",sbp_nores,K2O,1.7986587431897152,0.0,-100.0,maior (>1%),10000.0,9726.662228174553,0.003080301999943913,0
1,Ponto único (Cavalcanti),one_point,CaO,7.154441481290934,5.832670238818673,-18.474834771221904,maior (>1%),10000.0,9621.080952699669,0.00437423000016679,0
1,Ponto único (Cavalcanti),one_point,Al2O3,13.565303370425225,16.468931478231166,21.404815126629362,maior (>1%),10000.0,9621.080952699669,0.00437423000016679,0
1,Ponto único (Cavalcanti),one_point,MgO,3.607365859246412,4.874070032924198,35.11438049542344,maior (>1%),10000.0,9621.080952699669,0.00437423000016679,0
1,Ponto único (Cavalcanti),one_point,SiO2,54.361697210370714,51.547842290406045,-5.176171945249463,maior (>1%),10000.0,9621.080952699669,0.00437423000016679,0
1,Ponto único (Cavalcanti),one_point,Fe2O3,13.866754556434673,12.937287887158027,-6.702842150222817,maior (>1%),10000.0,9621.080952699669,0.00437423000016679,0
1,Ponto único (Cavalcanti),one_point,MnO,0.1969481081928403,0.0,-99.99999999999999,"menor (0,1–1%)",10000.0,9621.080952699669,0.00437423000016679,0
1,Ponto único (Cavalcanti),one_point,TiO2,2.270932267937852,2.094377291230512,-7.774559338472174,maior (>1%),10000.0,9621.080952699669,0.00437423000016679,0
1,Ponto único (Cavalcanti),one_point,Cr2O3,0.0026125769454152284,0.0,-100.00000000000001,"traço (<0,1%)",10000.0,9621.080952699669,0.00437423000016679,0
1,Ponto único (Cavalcanti),one_point,Na2O,3.1752858259662005,4.0980313176678225,29.060234015967428,maior (>1%),10000.0,9621.080952699669,0.00437423000016679,0
1,Ponto único (Cavalcanti),one_point,K2O,1.7986587431897152,2.146789463563552,19.35501782603113,maior (>1%),10000.0,9621.080952699669,0.00437423000016679,0
1,ML: PLS,ml_pls,CaO,7.154441481290934,7.277933098999942,1.726083273333663,maior (>1%),10000.0,9963.240247876292,3.324866060999966,1500
1,ML: PLS,ml_pls,Al2O3,13.565303370425225,11.943092275023757,-11.958531638431154,maior (>1%),10000.0,9963.240247876292,3.324866060999966,1500
1,ML: PLS,ml_pls,MgO,3.607365859246412,4.2743704106223745,18.49007218567239,maior (>1%),10000.0,9963.240247876292,3.324866060999966,1500
1,ML: PLS,ml_pls,SiO2,54.361697210370714,55.691217338625854,2.445692825060481,maior (>1%),10000.0,9963.240247876292,3.324866060999966,1500
1,ML: PLS,ml_pls,Fe2O3,13.866754556434673,12.955304476459155,-6.572915647032725,maior (>1%),10000.0,9963.240247876292,3.324866060999966,1500
1,ML: PLS,ml_pls,MnO,0.1969481081928403,0.1426383528010914,-27.57566746392501,"menor (0,1–1%)",10000.0,9963.240247876292,3.324866060999966,1500
1,ML: PLS,ml_pls,TiO2,2.270932267937852,2.5145406671064685,10.727241961726495,maior (>1%),10000.0,9963.240247876292,3.324866060999966,1500
1,ML: PLS,ml_pls,Cr2O3,0.0026125769454152284,0.003946379182684057,51.05312743456218,"traço (<0,1%)",10000.0,9963.240247876292,3.324866060999966,1500
1,ML: PLS,ml_pls,Na2O,3.1752858259662005,3.27339549690069,3.0897902208421244,maior (>1%),10000.0,9963.240247876292,3.324866060999966,1500
1,ML: PLS,ml_pls,K2O,1.7986587431897152,1.923561504277993,6.944216714882617,maior (>1%),10000.0,9963.240247876292,3.324866060999966,1500
1,ML: PCA+Ridge,ml_ridge,CaO,7.154441481290934,7.549253004198224,5.5184115201687485,maior (>1%),10000.0,9999.84412889903,2.46466019699983,1500
1,ML: PCA+Ridge,ml_ridge,Al2O3,13.565303370425225,13.534007881719658,-0.23070246091065305,maior (>1%),10000.0,9999.84412889903,2.46466019699983,1500
1,ML: PCA+Ridge,ml_ridge,MgO,3.607365859246412,3.7789609626597054,4.756797899316487,maior (>1%),10000.0,9999.84412889903,2.46466019699983,1500
1,ML: PCA+Ridge,ml_ridge,SiO2,54.361697210370714,51.2419888667095,-5.738798646386011,maior (>1%),10000.0,9999.84412889903,2.46466019699983,1500
1,ML: PCA+Ridge,ml_ridge,Fe2O3,13.866754556434673,15.513426096685164,11.874959880113954,maior (>1%),10000.0,9999.84412889903,2.46466019699983,1500
1,ML: PCA+Ridge,ml_ridge,MnO,0.1969481081928403,0.188336352025953,-4.372601618724445,"menor (0,1–1%)",10000.0,9999.84412889903,2.46466019699983,1500
1,ML: PCA+Ridge,ml_ridge,TiO2,2.270932267937852,2.5769489631505476,13.475377470882375,maior (>1%),10000.0,9999.84412889903,2.46466019699983,1500
1,ML: PCA+Ridge,ml_ridge,Cr2O3,0.0026125769454152284,0.0030169617172126685,15.478387057923353,"traço (<0,1%)",10000.0,9999.84412889903,2.46466019699983,1500
1,ML: PCA+Ridge,ml_ridge,Na2O,3.1752858259662005,3.4835390321378044,9.707888456870059,maior (>1%),10000.0,9999.84412889903,2.46466019699983,1500
1,ML: PCA+Ridge,ml_ridge,K2O,1.7986587431897152,2.1305218789962157,18.450589199482014,maior (>1%),10000.0,9999.84412889903,2.46466019699983,1500
1,ML: Random Forest,ml_rf,CaO,7.154441481290934,8.25658990184173,15.405093792896983,maior (>1%),10000.0,9469.98066449758,3.66113597399999,1500
1,ML: Random Forest,ml_rf,Al2O3,13.565303370425225,12.162460427653041,-10.341404865523543,maior (>1%),10000.0,9469.98066449758,3.66113597399999,1500
1,ML: Random Forest,ml_rf,MgO,3.607365859246412,4.096083927406816,13.547782155439561,maior (>1%),10000.0,9469.98066449758,3.66113597399999,1500
1,ML: Random Forest,ml_rf,SiO2,54.361697210370714,51.8146750744427,-4.68532490086074,maior (>1%),10000.0,9469.98066449758,3.66113597399999,1500
1,ML: Random Forest,ml_rf,Fe2O3,13.866754556434673,15.079720437234382,8.747294659779273,maior (>1%),10000.0,9469.98066449758,3.66113597399999,1500
1,ML: Random Forest,ml_rf,MnO,0.1969481081928403,0.18765564396995835,-4.718229744955617,"menor (0,1–1%)",10000.0,9469.98066449758,3.66113597399999,1500
1,ML: Random Forest,ml_rf,TiO2,2.270932267937852,2.917333666325408,28.464142568837097,maior (>1%),10000.0,9469.98066449758,3.66113597399999,1500
1,ML: Random Forest,ml_rf,Cr2O3,0.0026125769454152284,0.0033350641482364956,27.65419805488022,"traço (<0,1%)",10000.0,9469.98066449758,3.66113597399999,1500
1,ML: Random Forest,ml_rf,Na2O,3.1752858259662005,3.4894288581805166,9.893378090418878,maior (>1%),10000.0,9469.98066449758,3.66113597399999,1500
1,ML: Random Forest,ml_rf,K2O,1.7986587431897152,1.9927169987972182,10.789053584637347,maior (>1%),10000.0,9469.98066449758,3.66113597399999,1500
1,ML: Rede neural (MLP),ml_mlp,CaO,7.154441481290934,6.144982316890132,-14.109545336845178,maior (>1%),10000.0,10222.471087060372,3.9107463580000967,1500
1,ML: Rede neural (MLP),ml_mlp,Al2O3,13.565303370425225,10.419720956326222,-23.188441335981715,maior (>1%),10000.0,10222.471087060372,3.9107463580000967,1500
1,ML: Rede neural (MLP),ml_mlp,MgO,3.607365859246412,3.1170107982650825,-13.593161329185664,maior (>1%),10000.0,10222.471087060372,3.9107463580000967,1500
1,ML: Rede neural (MLP),ml_mlp,SiO2,54.361697210370714,59.75633616558084,9.923602889611361,maior (>1%),10000.0,10222.471087060372,3.9107463580000967,1500
1,ML: Rede neural (MLP),ml_mlp,Fe2O3,13.866754556434673,14.093834188243058,1.6375831192815904,maior (>1%),10000.0,10222.471087060372,3.9107463580000967,1500
1,ML: Rede neural (MLP),ml_mlp,MnO,0.1969481081928403,0.12447185206944185,-36.79967113592879,"menor (0,1–1%)",10000.0,10222.471087060372,3.9107463580000967,1500
1,ML: Rede neural (MLP),ml_mlp,TiO2,2.270932267937852,2.505039200487116,10.308846981237684,maior (>1%),10000.0,10222.471087060372,3.9107463580000967,1500
1,ML: Rede neural (MLP),ml_mlp,Cr2O3,0.0026125769454152284,0.0019338445598911685,-25.979421839236434,"traço (<0,1%)",10000.0,10222.471087060372,3.9107463580000967,1500
1,ML: Rede neural (MLP),ml_mlp,Na2O,3.1752858259662005,2.249177489712909,-29.166140845650904,maior (>1%),10000.0,10222.471087060372,3.9107463580000967,1500
1,ML: Rede neural (MLP),ml_mlp,K2O,1.7986587431897152,1.5874931878653311,-11.740167840282263,maior (>1%),10000.0,10222.471087060372,3.9107463580000967,1500
2,MC-LIBS,mc,CaO,7.154441481290934,27.62251430605067,286.0890382328841,maior (>1%),10000.0,9970.357109664488,23.03817840900001,82000
2,MC-LIBS,mc,Al2O3,13.565303370425225,51.33324960126674,278.41578768656484,maior (>1%),10000.0,9970.357109664488,23.03817840900001,82000
2,MC-LIBS,mc,MgO,3.607365859246412,4.450276895545862e-06,-99.99987663361387,maior (>1%),10000.0,9970.357109664488,23.03817840900001,82000
2,MC-LIBS,mc,SiO2,54.361697210370714,0.00016119376181071004,-99.99970347915888,maior (>1%),10000.0,9970.357109664488,23.03817840900001,82000
2,MC-LIBS,mc,Fe2O3,13.866754556434673,0.00045196435647172644,-99.9967406623184,maior (>1%),10000.0,9970.357109664488,23.03817840900001,82000
2,MC-LIBS,mc,MnO,0.1969481081928403,1.5152387128004034e-05,-99.99230640635899,"menor (0,1–1%)",10000.0,9970.357109664488,23.03817840900001,82000
2,MC-LIBS,mc,TiO2,2.270932267937852,8.950971908827874,294.1540677017159,maior (>1%),10000.0,9970.357109664488,23.03817840900001,82000
2,MC-LIBS,mc,Cr2O3,0.0026125769454152284,9.320257120856614e-06,-99.64325425372782,"traço (<0,1%)",10000.0,9970.357109664488,23.03817840900001,82000
2,MC-LIBS,mc,Na2O,3.1752858259662005,12.091334823905676,280.79516259694293,maior (>1%),10000.0,9970.357109664488,23.03817840900001,82000
2,MC-LIBS,mc,K2O,1.7986587431897152,0.0012872789096153067,-99.92843117603663,maior (>1%),10000.0,9970.357109664488,23.03817840900001,82000
2,MC-LIBS + LS,mc_ls,CaO,7.154441481290934,7.317162757411791,2.274409212045104,maior (>1%),10000.0,9988.472878247356,12.458883861999993,42318
2,MC-LIBS + LS,mc_ls,Al2O3,13.565303370425225,13.838281320946404,2.012324701239779,maior (>1%),10000.0,9988.472878247356,12.458883861999993,42318
2,MC-LIBS + LS,mc_ls,MgO,3.607365859246412,3.538760095076559,-1.9018244017030448,maior (>1%),10000.0,9988.472878247356,12.458883861999993,42318
2,MC-LIBS + LS,mc_ls,SiO2,54.361697210370714,53.7546912805238,-1.116605921073254,maior (>1%),10000.0,9988.472878247356,12.458883861999993,42318
2,MC-LIBS + LS,mc_ls,Fe2O3,13.866754556434673,13.926690087539459,0.4322246482467232,maior (>1%),10000.0,9988.472878247356,12.458883861999993,42318
2,MC-LIBS + LS,mc_ls,MnO,0.1969481081928403,0.21707802755061026,10.220925472439616,"menor (0,1–1%)",10000.0,9988.472878247356,12.458883861999993,42318
2,MC-LIBS + LS,mc_ls,TiO2,2.270932267937852,2.324588529069946,2.3627415880975216,maior (>1%),10000.0,9988.472878247356,12.458883861999993,42318
2,MC-LIBS + LS,mc_ls,Cr2O3,0.0026125769454152284,0.006557644461211447,151.002921568276,"traço (<0,1%)",10000.0,9988.472878247356,12.458883861999993,42318
2,MC-LIBS + LS,mc_ls,Na2O,3.1752858259662005,3.226063854357666,1.599164017809775,maior (>1%),10000.0,9988.472878247356,12.458883861999993,42318
2,MC-LIBS + LS,mc_ls,K2O,1.7986587431897152,1.8501264030625533,2.8614466233637006,maior (>1%),10000.0,9988.472878247356,12.458883861999993,42318
2,Recozimento simulado,sa,CaO,7.154441481290934,5.499403581007262,-23.13301331224307,maior (>1%),10000.0,10462.596413486872,29.212785192999945,15000
2,Recozimento simulado,sa,Al2O3,13.565303370425225,14.16616487379149,4.429399674733772,maior (>1%),10000.0,10462.596413486872,29.212785192999945,15000
2,Recozimento simulado,sa,MgO,3.607365859246412,3.772691076226148,4.582990010729685,maior (>1%),10000.0,10462.596413486872,29.212785192999945,15000
2,Recozimento simulado,sa,SiO2,54.361697210370714,53.157719412482855,-2.214753879424819,maior (>1%),10000.0,10462.596413486872,29.212785192999945,15000
2,Recozimento simulado,sa,Fe2O3,13.866754556434673,15.890609794930171,14.59501738679262,maior (>1%),10000.0,10462.596413486872,29.212785192999945,15000
2,Recozimento simulado,sa,MnO,0.1969481081928403,0.005209268907728564,-97.35500434326185,"menor (0,1–1%)",10000.0,10462.596413486872,29.212785192999945,15000
2,Recozimento simulado,sa,TiO2,2.270932267937852,1.7179429725403073,-24.350761280066425,maior (>1%),10000.0,10462.596413486872,29.212785192999945,15000
2,Recozimento simulado,sa,Cr2O3,0.0026125769454152284,0.0002910203899492393,-88.86079162338369,"traço (<0,1%)",10000.0,10462.596413486872,29.212785192999945,15000
2,Recozimento simulado,sa,Na2O,3.1752858259662005,3.7267973867703823,17.368879245268058,maior (>1%),10000.0,10462.596413486872,29.212785192999945,15000
2,Recozimento simulado,sa,K2O,1.7986587431897152,2.063170612953697,14.706061990108275,maior (>1%),10000.0,10462.596413486872,29.212785192999945,15000
2,Evolução diferencial,de,CaO,7.154441481290934,7.68529688222921,7.419941896603362,maior (>1%),10000.0,9979.896542471133,6.808689218999916,38656
2,Evolução diferencial,de,Al2O3,13.565303370425225,13.94535926730805,2.8016763540387455,maior (>1%),10000.0,9979.896542471133,6.808689218999916,38656
2,Evolução diferencial,de,MgO,3.607365859246412,3.639437777888874,0.8890675327609201,maior (>1%),10000.0,9979.896542471133,6.808689218999916,38656
2,Evolução diferencial,de,SiO2,54.361697210370714,54.568885039245814,0.3811283302530402,maior (>1%),10000.0,9979.896542471133,6.808689218999916,38656
2,Evolução diferencial,de,Fe2O3,13.866754556434673,11.90869858183457,-14.12050647201724,maior (>1%),10000.0,9979.896542471133,6.808689218999916,38656
2,Evolução diferencial,de,MnO,0.1969481081928403,2.848355077049655e-05,-99.98553753522597,"menor (0,1–1%)",10000.0,9979.896542471133,6.808689218999916,38656
2,Evolução diferencial,de,TiO2,2.270932267937852,2.4873186765648096,9.528527630788826,maior (>1%),10000.0,9979.896542471133,6.808689218999916,38656
2,Evolução diferencial,de,Cr2O3,0.0026125769454152284,0.22198691576627141,8396.856567452793,"traço (<0,1%)",10000.0,9979.896542471133,6.808689218999916,38656
2,Evolução diferencial,de,Na2O,3.1752858259662005,3.212749805557275,1.1798616453583324,maior (>1%),10000.0,9979.896542471133,6.808689218999916,38656
2,Evolução diferencial,de,K2O,1.7986587431897152,2.3302385700543558,29.554234725034313,maior (>1%),10000.0,9979.896542471133,6.808689218999916,38656
2,Mínimos quadrados (TRF/LM),ls,CaO,7.154441481290934,7.3171866850387985,2.274743656418859,maior (>1%),10000.0,9988.468542868555,1.0599369179999485,221
2,Mínimos quadrados (TRF/LM),ls,Al2O3,13.565303370425225,13.838280777287055,2.0123206935199827,maior (>1%),10000.0,9988.468542868555,1.0599369179999485,221
2,Mínimos quadrados (TRF/LM),ls,MgO,3.607365859246412,3.538743820666104,-1.902275545587248,maior (>1%),10000.0,9988.468542868555,1.0599369179999485,221
2,Mínimos quadrados (TRF/LM),ls,SiO2,54.361697210370714,53.75460609313166,-1.1167626258792278,maior (>1%),10000.0,9988.468542868555,1.0599369179999485,221
2,Mínimos quadrados (TRF/LM),ls,Fe2O3,13.866754556434673,13.926617937399957,0.4317043380385315,maior (>1%),10000.0,9988.468542868555,1.0599369179999485,221
2,Mínimos quadrados (TRF/LM),ls,MnO,0.1969481081928403,0.2171242371806379,10.244388317780778,"menor (0,1–1%)",10000.0,9988.468542868555,1.0599369179999485,221
2,Mínimos quadrados (TRF/LM),ls,TiO2,2.270932267937852,2.324592444149433,2.3629139877565564,maior (>1%),10000.0,9988.468542868555,1.0599369179999485,221
2,Mínimos quadrados (TRF/LM),ls,Cr2O3,0.0026125769454152284,0.0066850621217893645,155.88000895134894,"traço (<0,1%)",10000.0,9988.468542868555,1.0599369179999485,221
2,Mínimos quadrados (TRF/LM),ls,Na2O,3.1752858259662005,3.226056291297656,1.598925832637657,maior (>1%),10000.0,9988.468542868555,1.0599369179999485,221
2,Mínimos quadrados (TRF/LM),ls,K2O,1.7986587431897152,1.8501066517269065,2.8603485086867733,maior (>1%),10000.0,9988.468542868555,1.0599369179999485,221
2,Mínimos quadrados (5 partidas),ls_multi,CaO,7.154441481290934,7.317215767829157,2.2751501562194965,maior (>1%),10000.0,9988.467960360214,5.862309786999958,1163
2,Mínimos quadrados (5 partidas),ls_multi,Al2O3,13.565303370425225,13.838328959955337,2.0126758840156627,maior (>1%),10000.0,9988.467960360214,5.862309786999958,1163
2,Mínimos quadrados (5 partidas),ls_multi,MgO,3.607365859246412,3.538749057451306,-1.9021303763583355,maior (>1%),10000.0,9988.467960360214,5.862309786999958,1163
2,Mínimos quadrados (5 partidas),ls_multi,SiO2,54.361697210370714,53.75473992913107,-1.1165164304764452,maior (>1%),10000.0,9988.467960360214,5.862309786999958,1163
2,Mínimos quadrados (5 partidas),ls_multi,Fe2O3,13.866754556434673,13.926640619464742,0.431867909584363,maior (>1%),10000.0,9988.467960360214,5.862309786999958,1163
2,Mínimos quadrados (5 partidas),ls_multi,MnO,0.1969481081928403,0.21712168611183863,10.243093017804217,"menor (0,1–1%)",10000.0,9988.467960360214,5.862309786999958,1163
2,Mínimos quadrados (5 partidas),ls_multi,TiO2,2.270932267937852,2.3246007736599297,2.363280775908475,maior (>1%),10000.0,9988.467960360214,5.862309786999958,1163
2,Mínimos quadrados (5 partidas),ls_multi,Cr2O3,0.0026125769454152284,0.006433423047429804,146.24817495690297,"traço (<0,1%)",10000.0,9988.467960360214,5.862309786999958,1163
2,Mínimos quadrados (5 partidas),ls_multi,Na2O,3.1752858259662005,3.226064367934355,1.5991801919974646,maior (>1%),10000.0,9988.467960360214,5.862309786999958,1163
2,Mínimos quadrados (5 partidas),ls_multi,K2O,1.7986587431897152,1.8501054154148446,2.8602797734657917,maior (>1%),10000.0,9988.467960360214,5.862309786999958,1163
2,MCMC bayesiano,mcmc,CaO,7.154441481290934,7.313741207032491,2.226585068284235,maior (>1%),10000.0,9989.645880696615,12.01639245299998,60351
2,MCMC bayesiano,mcmc,Al2O3,13.565303370425225,13.843135683950536,2.0481098427259252,maior (>1%),10000.0,9989.645880696615,12.01639245299998,60351
2,MCMC bayesiano,mcmc,MgO,3.607365859246412,3.556575099432598,-1.4079736238459628,maior (>1%),10000.0,9989.645880696615,12.01639245299998,60351
2,MCMC bayesiano,mcmc,SiO2,54.361697210370714,53.85165239398069,-0.9382429956449531,maior (>1%),10000.0,9989.645880696615,12.01639245299998,60351
2,MCMC bayesiano,mcmc,Fe2O3,13.866754556434673,13.826859185976232,-0.28770517496415554,maior (>1%),10000.0,9989.645880696615,12.01639245299998,60351
2,MCMC bayesiano,mcmc,MnO,0.1969481081928403,0.19905974627858206,1.0721799285698905,"menor (0,1–1%)",10000.0,9989.645880696615,12.01639245299998,60351
2,MCMC bayesiano,mcmc,TiO2,2.270932267937852,2.3274207535152107,2.4874579649464272,maior (>1%),10000.0,9989.645880696615,12.01639245299998,60351
2,MCMC bayesiano,mcmc,Cr2O3,0.0026125769454152284,0.00021431676701704573,-91.79672899612979,"traço (<0,1%)",10000.0,9989.645880696615,12.01639245299998,60351
2,MCMC bayesiano,mcmc,Na2O,3.1752858259662005,3.2266406804154637,1.6173301322767248,maior (>1%),10000.0,9989.645880696615,12.01639245299998,60351
2,MCMC bayesiano,mcmc,K2O,1.7986587431897152,1.8547009326511845,3.1157766682347385,maior (>1%),10000.0,9989.645880696615,12.01639245299998,60351
2,Desmistura linear (NNLS),nnls,CaO,7.154441481290934,0.009956083632590068,-99.86084051901709,maior (>1%),10000.0,19644.824896893002,0.10679169500008356,38
2,Desmistura linear (NNLS),nnls,Al2O3,13.565303370425225,7.068868756279597,-47.89007983639357,maior (>1%),10000.0,19644.824896893002,0.10679169500008356,38
2,Desmistura linear (NNLS),nnls,MgO,3.607365859246412,3.0334928070191265,-15.908368449968338,maior (>1%),10000.0,19644.824896893002,0.10679169500008356,38
2,Desmistura linear (NNLS),nnls,SiO2,54.361697210370714,50.66961405916779,-6.791699561761613,maior (>1%),10000.0,19644.824896893002,0.10679169500008356,38
2,Desmistura linear (NNLS),nnls,Fe2O3,13.866754556434673,35.286145652396286,154.46578367554827,maior (>1%),10000.0,19644.824896893002,0.10679169500008356,38
2,Desmistura linear (NNLS),nnls,MnO,0.1969481081928403,0.0012608985395654397,-99.35978133979798,"menor (0,1–1%)",10000.0,19644.824896893002,0.10679169500008356,38
2,Desmistura linear (NNLS),nnls,TiO2,2.270932267937852,0.03178471768311093,-98.6003669888414,maior (>1%),10000.0,19644.824896893002,0.10679169500008356,38
2,Desmistura linear (NNLS),nnls,Cr2O3,0.0026125769454152284,0.0,-100.00000000000001,"traço (<0,1%)",10000.0,19644.824896893002,0.10679169500008356,38
2,Desmistura linear (NNLS),nnls,Na2O,3.1752858259662005,2.286504403812197,-27.990595835055522,maior (>1%),10000.0,19644.824896893002,0.10679169500008356,38
2,Desmistura linear (NNLS),nnls,K2O,1.7986587431897152,1.6123726214697216,-10.356946387152712,maior (>1%),10000.0,19644.824896893002,0.10679169500008356,38
2,Desmistura linear (SVD),svd,CaO,7.154441481290934,0.00995608363259301,-99.86084051901706,maior (>1%),10000.0,19644.82489689267,0.10967642800005706,38
2,Desmistura linear (SVD),svd,Al2O3,13.565303370425225,7.068868756279673,-47.89007983639301,maior (>1%),10000.0,19644.82489689267,0.10967642800005706,38
2,Desmistura linear (SVD),svd,MgO,3.607365859246412,3.0334928070191642,-15.908368449967291,maior (>1%),10000.0,19644.82489689267,0.10967642800005706,38
2,Desmistura linear (SVD),svd,SiO2,54.361697210370714,50.66961405916803,-6.791699561761168,maior (>1%),10000.0,19644.82489689267,0.10967642800005706,38
2,Desmistura linear (SVD),svd,Fe2O3,13.866754556434673,35.286145652395895,154.46578367554545,maior (>1%),10000.0,19644.82489689267,0.10967642800005706,38
2,Desmistura linear (SVD),svd,MnO,0.1969481081928403,0.00126089853956556,-99.35978133979792,"menor (0,1–1%)",10000.0,19644.82489689267,0.10967642800005706,38
2,Desmistura linear (SVD),svd,TiO2,2.270932267937852,0.031784717683113736,-98.60036698884127,maior (>1%),10000.0,19644.82489689267,0.10967642800005706,38
2,Desmistura linear (SVD),svd,Cr2O3,0.0026125769454152284,0.0,-100.00000000000001,"traço (<0,1%)",10000.0,19644.82489689267,0.10967642800005706,38
2,Desmistura linear (SVD),svd,Na2O,3.1752858259662005,2.2865044038122218,-27.990595835054737,maior (>1%),10000.0,19644.82489689267,0.10967642800005706,38
2,Desmistura linear (SVD),svd,K2O,1.7986587431897152,1.612372621469744,-10.356946387151465,maior (>1%),10000.0,19644.82489689267,0.10967642800005706,38
2,CF-LIBS (Saha-Boltzmann),sbp,CaO,7.154441481290934,6.342307914175184,-11.351460057916492,maior (>1%),10000.0,9374.413717878004,0.00463701199987554,0
2,CF-LIBS (Saha-Boltzmann),sbp,Al2O3,13.565303370425225,8.846061237483413,-34.789064454176525,maior (>1%),10000.0,9374.413717878004,0.00463701199987554,0
2,CF-LIBS (Saha-Boltzmann),sbp,MgO,3.607365859246412,3.123960713433362,-13.40050232426479,maior (>1%),10000.0,9374.413717878004,0.00463701199987554,0
2,CF-LIBS (Saha-Boltzmann),sbp,SiO2,54.361697210370714,59.94685126240316,10.274061220750388,maior (>1%),10000.0,9374.413717878004,0.00463701199987554,0
2,CF-LIBS (Saha-Boltzmann),sbp,Fe2O3,13.866754556434673,12.551271083304593,-9.486599533988635,maior (>1%),10000.0,9374.413717878004,0.00463701199987554,0
2,CF-LIBS (Saha-Boltzmann),sbp,MnO,0.1969481081928403,2.1737424137210444,1003.7132743578528,"menor (0,1–1%)",10000.0,9374.413717878004,0.00463701199987554,0
2,CF-LIBS (Saha-Boltzmann),sbp,TiO2,2.270932267937852,3.5648589517178078,56.977775253284925,maior (>1%),10000.0,9374.413717878004,0.00463701199987554,0
2,CF-LIBS (Saha-Boltzmann),sbp,Cr2O3,0.0026125769454152284,0.0,-100.00000000000001,"traço (<0,1%)",10000.0,9374.413717878004,0.00463701199987554,0
2,CF-LIBS (Saha-Boltzmann),sbp,Na2O,3.1752858259662005,1.9029691081942575,-40.06936028774016,maior (>1%),10000.0,9374.413717878004,0.00463701199987554,0
2,CF-LIBS (Saha-Boltzmann),sbp,K2O,1.7986587431897152,1.547977315567172,-13.937131130165819,maior (>1%),10000.0,9374.413717878004,0.00463701199987554,0
2,"CF-LIBS (SBP, sem ressonância)",sbp_nores,CaO,7.154441481290934,9.380426538190273,31.113330966789693,maior (>1%),10000.0,9563.991786180106,0.002730035000013231,0
2,"CF-LIBS (SBP, sem ressonância)",sbp_nores,Al2O3,13.565303370425225,0.0,-100.0,maior (>1%),10000.0,9563.991786180106,0.002730035000013231,0
2,"CF-LIBS (SBP, sem ressonância)",sbp_nores,MgO,3.607365859246412,3.6282760597599593,0.5796528915954064,maior (>1%),10000.0,9563.991786180106,0.002730035000013231,0
2,"CF-LIBS (SBP, sem ressonância)",sbp_nores,SiO2,54.361697210370714,65.33024707228655,20.17698200162769,maior (>1%),10000.0,9563.991786180106,0.002730035000013231,0
2,"CF-LIBS (SBP, sem ressonância)",sbp_nores,Fe2O3,13.866754556434673,14.727474147955402,6.207073097153248,maior (>1%),10000.0,9563.991786180106,0.002730035000013231,0
2,"CF-LIBS (SBP, sem ressonância)",sbp_nores,MnO,0.1969481081928403,2.0155228858054346,923.3776319556977,"menor (0,1–1%)",10000.0,9563.991786180106,0.002730035000013231,0
2,"CF-LIBS (SBP, sem ressonância)",sbp_nores,TiO2,2.270932267937852,4.918053296002379,116.56538882457632,maior (>1%),10000.0,9563.991786180106,0.002730035000013231,0
2,"CF-LIBS (SBP, sem ressonância)",sbp_nores,Cr2O3,0.0026125769454152284,0.0,-100.00000000000001,"traço (<0,1%)",10000.0,9563.991786180106,0.002730035000013231,0
2,"CF-LIBS (SBP, sem ressonância)",sbp_nores,Na2O,3.1752858259662005,0.0,-100.0,maior (>1%),10000.0,9563.991786180106,0.002730035000013231,0
2,"CF-LIBS (SBP, sem ressonância)",sbp_nores,K2O,1.7986587431897152,0.0,-100.0,maior (>1%),10000.0,9563.991786180106,0.002730035000013231,0
2,Ponto único (Cavalcanti),one_point,CaO,7.154441481290934,6.136176991143813,-14.23262029342068,maior (>1%),10000.0,9349.855932398266,0.0050025590001041564,0
2,Ponto único (Cavalcanti),one_point,Al2O3,13.565303370425225,15.21351233384263,12.150181373833435,maior (>1%),10000.0,9349.855932398266,0.0050025590001041564,0
2,Ponto único (Cavalcanti),one_point,MgO,3.607365859246412,3.1810091465311428,-11.819059373266237,maior (>1%),10000.0,9349.855932398266,0.0050025590001041564,0
2,Ponto único (Cavalcanti),one_point,SiO2,54.361697210370714,58.620505648725796,7.834208012075494,maior (>1%),10000.0,9349.855932398266,0.0050025590001041564,0
2,Ponto único (Cavalcanti),one_point,Fe2O3,13.866754556434673,9.380460005018694,-32.35288064815553,maior (>1%),10000.0,9349.855932398266,0.0050025590001041564,0
2,Ponto único (Cavalcanti),one_point,MnO,0.1969481081928403,0.1183101267957453,-39.928274568698676,"menor (0,1–1%)",10000.0,9349.855932398266,0.0050025590001041564,0
2,Ponto único (Cavalcanti),one_point,TiO2,2.270932267937852,2.050007161612805,-9.728388179787547,maior (>1%),10000.0,9349.855932398266,0.0050025590001041564,0
2,Ponto único (Cavalcanti),one_point,Cr2O3,0.0026125769454152284,0.0,-100.00000000000001,"traço (<0,1%)",10000.0,9349.855932398266,0.0050025590001041564,0
2,Ponto único (Cavalcanti),one_point,Na2O,3.1752858259662005,3.65928043891397,15.24255262281769,maior (>1%),10000.0,9349.855932398266,0.0050025590001041564,0
2,Ponto único (Cavalcanti),one_point,K2O,1.7986587431897152,1.640738147415417,-8.77990871654976,maior (>1%),10000.0,9349.855932398266,0.0050025590001041564,0
2,ML: PLS,ml_pls,CaO,7.154441481290934,7.328236938327088,2.429196709353679,maior (>1%),10000.0,9888.92707825753,3.675183822000008,1500
2,ML: PLS,ml_pls,Al2O3,13.565303370425225,12.8577660983919,-5.215786574857451,maior (>1%),10000.0,9888.92707825753,3.675183822000008,1500
2,ML: PLS,ml_pls,MgO,3.607365859246412,4.111851305395119,13.98487056297902,maior (>1%),10000.0,9888.92707825753,3.675183822000008,1500
2,ML: PLS,ml_pls,SiO2,54.361697210370714,54.05045231471684,-0.5725444782369569,maior (>1%),10000.0,9888.92707825753,3.675183822000008,1500
2,ML: PLS,ml_pls,Fe2O3,13.866754556434673,14.014320949088628,1.0641739713023108,maior (>1%),10000.0,9888.92707825753,3.675183822000008,1500
2,ML: PLS,ml_pls,MnO,0.1969481081928403,0.23035964838306122,16.964641344767955,"menor (0,1–1%)",10000.0,9888.92707825753,3.675183822000008,1500
2,ML: PLS,ml_pls,TiO2,2.270932267937852,2.0630714075032697,-9.153107002320814,maior (>1%),10000.0,9888.92707825753,3.675183822000008,1500
2,ML: PLS,ml_pls,Cr2O3,0.0026125769454152284,0.002565355231415585,-1.8074764872480407,"traço (<0,1%)",10000.0,9888.92707825753,3.675183822000008,1500
2,ML: PLS,ml_pls,Na2O,3.1752858259662005,3.396960577458181,6.981253456908164,maior (>1%),10000.0,9888.92707825753,3.675183822000008,1500
2,ML: PLS,ml_pls,K2O,1.7986587431897152,1.9444154055044947,8.103630711865705,maior (>1%),10000.0,9888.92707825753,3.675183822000008,1500
2,ML: PCA+Ridge,ml_ridge,CaO,7.154441481290934,7.857659980319165,9.829118050195364,maior (>1%),10000.0,9839.857099883418,3.1423403660000986,1500
2,ML: PCA+Ridge,ml_ridge,Al2O3,13.565303370425225,12.906995536573636,-4.852879555106872,maior (>1%),10000.0,9839.857099883418,3.1423403660000986,1500
2,ML: PCA+Ridge,ml_ridge,MgO,3.607365859246412,3.42931009008773,-4.935894392366358,maior (>1%),10000.0,9839.857099883418,3.1423403660000986,1500
2,ML: PCA+Ridge,ml_ridge,SiO2,54.361697210370714,54.43868977148001,0.14163016436250067,maior (>1%),10000.0,9839.857099883418,3.1423403660000986,1500
2,ML: PCA+Ridge,ml_ridge,Fe2O3,13.866754556434673,13.149804394246651,-5.17028089932789,maior (>1%),10000.0,9839.857099883418,3.1423403660000986,1500
2,ML: PCA+Ridge,ml_ridge,MnO,0.1969481081928403,0.17273283712652313,-12.295254465002008,"menor (0,1–1%)",10000.0,9839.857099883418,3.1423403660000986,1500
2,ML: PCA+Ridge,ml_ridge,TiO2,2.270932267937852,2.298391034555041,1.2091407130395533,maior (>1%),10000.0,9839.857099883418,3.1423403660000986,1500
2,ML: PCA+Ridge,ml_ridge,Cr2O3,0.0026125769454152284,0.00295699483364317,13.183071558231237,"traço (<0,1%)",10000.0,9839.857099883418,3.1423403660000986,1500
2,ML: PCA+Ridge,ml_ridge,Na2O,3.1752858259662005,3.351997028693347,5.565206170798045,maior (>1%),10000.0,9839.857099883418,3.1423403660000986,1500
2,ML: PCA+Ridge,ml_ridge,K2O,1.7986587431897152,2.3914623320842554,32.958091196514076,maior (>1%),10000.0,9839.857099883418,3.1423403660000986,1500
2,ML: Random Forest,ml_rf,CaO,7.154441481290934,8.602264756548697,20.236705814756643,maior (>1%),10000.0,9059.104902724997,4.762196033999999,1500
2,ML: Random Forest,ml_rf,Al2O3,13.565303370425225,12.881344589094256,-5.041971879686232,maior (>1%),10000.0,9059.104902724997,4.762196033999999,1500
2,ML: Random Forest,ml_rf,MgO,3.607365859246412,3.9056372797434302,8.268399495229684,maior (>1%),10000.0,9059.104902724997,4.762196033999999,1500
2,ML: Random Forest,ml_rf,SiO2,54.361697210370714,51.061966052331535,-6.069956103963733,maior (>1%),10000.0,9059.104902724997,4.762196033999999,1500
2,ML: Random Forest,ml_rf,Fe2O3,13.866754556434673,14.461742505844876,4.290751285664804,maior (>1%),10000.0,9059.104902724997,4.762196033999999,1500
2,ML: Random Forest,ml_rf,MnO,0.1969481081928403,0.20233982802941197,2.7376347435093913,"menor (0,1–1%)",10000.0,9059.104902724997,4.762196033999999,1500
2,ML: Random Forest,ml_rf,TiO2,2.270932267937852,2.8883789105000455,27.18912630198669,maior (>1%),10000.0,9059.104902724997,4.762196033999999,1500
2,ML: Random Forest,ml_rf,Cr2O3,0.0026125769454152284,0.0029750399604764615,13.873773773335705,"traço (<0,1%)",10000.0,9059.104902724997,4.762196033999999,1500
2,ML: Random Forest,ml_rf,Na2O,3.1752858259662005,3.5517607464363303,11.856410449461608,maior (>1%),10000.0,9059.104902724997,4.762196033999999,1500
2,ML: Random Forest,ml_rf,K2O,1.7986587431897152,2.441590291510948,35.7450545166265,maior (>1%),10000.0,9059.104902724997,4.762196033999999,1500
2,ML: Rede neural (MLP),ml_mlp,CaO,7.154441481290934,8.637054184360899,20.722969178614985,maior (>1%),10000.0,9852.654202537731,4.371192120999922,1500
2,ML: Rede neural (MLP),ml_mlp,Al2O3,13.565303370425225,12.863920573471615,-5.17041733458574,maior (>1%),10000.0,9852.654202537731,4.371192120999922,1500
2,ML: Rede neural (MLP),ml_mlp,MgO,3.607365859246412,3.5197425718496893,-2.4290102755207474,maior (>1%),10000.0,9852.654202537731,4.371192120999922,1500
2,ML: Rede neural (MLP),ml_mlp,SiO2,54.361697210370714,54.01137709706913,-0.6444245328579504,maior (>1%),10000.0,9852.654202537731,4.371192120999922,1500
2,ML: Rede neural (MLP),ml_mlp,Fe2O3,13.866754556434673,12.962977805396454,-6.517579491005225,maior (>1%),10000.0,9852.654202537731,4.371192120999922,1500
2,ML: Rede neural (MLP),ml_mlp,MnO,0.1969481081928403,0.15954917736881266,-18.98923080155142,"menor (0,1–1%)",10000.0,9852.654202537731,4.371192120999922,1500
2,ML: Rede neural (MLP),ml_mlp,TiO2,2.270932267937852,2.964753318676498,30.55225646904382,maior (>1%),10000.0,9852.654202537731,4.371192120999922,1500
2,ML: Rede neural (MLP),ml_mlp,Cr2O3,0.0026125769454152284,0.0024184248366050615,-7.431440790705957,"traço (<0,1%)",10000.0,9852.654202537731,4.371192120999922,1500
2,ML: Rede neural (MLP),ml_mlp,Na2O,3.1752858259662005,2.7038609431575376,-14.846691247557661,maior (>1%),10000.0,9852.654202537731,4.371192120999922,1500
2,ML: Rede neural (MLP),ml_mlp,K2O,1.7986587431897152,2.174345903812747,20.887072772725844,maior (>1%),10000.0,9852.654202537731,4.371192120999922,1500
