algoritmo,|erro| mediano maior (>1%) (%),"|erro| mediano menor (0,1–1%) (%)","|erro| mediano traço (<0,1%) (%)",|ΔT| (K),tempo (s),avaliações do modelo
Mínimos quadrados (5 partidas),1.37,10.24,146.25,7.24,5.46,1080.33
Mínimos quadrados (TRF/LM),1.37,10.24,155.88,7.25,1.14,223.0
MC-LIBS + LS,1.37,10.22,151.0,7.25,13.21,42249.0
MCMC bayesiano,1.51,28.22,93.86,8.49,12.4,59752.0
Evolução diferencial,4.89,98.4,94.08,68.93,6.96,38656.0
ML: PCA+Ridge,5.65,4.37,13.18,76.81,2.81,1500.0
ML: PLS,5.89,16.96,28.85,57.49,3.64,1500.0
ML: Random Forest,10.57,4.72,13.87,677.33,4.16,1500.0
Ponto único (Cavalcanti),12.73,39.93,100.0,561.56,0.0,0.0
Recozimento simulado,13.63,95.59,88.86,564.72,28.67,15040.67
ML: Rede neural (MLP),13.85,20.49,9.23,246.65,4.19,1500.0
CF-LIBS (Saha-Boltzmann),14.64,1003.71,100.0,510.26,0.0,0.0
Desmistura linear (SVD),39.92,99.44,100.0,9687.28,0.11,38.0
Desmistura linear (NNLS),39.92,99.44,100.0,9687.28,0.11,38.0
"CF-LIBS (SBP, sem ressonância)",50.87,923.38,100.0,331.79,0.0,0.0
MC-LIBS,99.99,99.99,99.64,21.76,24.46,82000.0
